voltage mean,voltage std,voltage kurtosis,voltage skewness,CC Q,CC charge time,voltage slope,voltage entropy,current mean,current std,current kurtosis,current skewness,CV Q,CV charge time,current slope,current entropy,capacity
4.140930125477967,0.0409557138952621,2.53140527087068,-0.6838551895488099,2992.546562106328,0.6974996388888899,0.2453986450534349,4.4257347176753,0.2299088871280574,0.1119251629219133,-0.5771117093254716,0.7666937317696905,411.5487849434128,0.497777861111111,-0.8016488569778388,4.386108050917059,4.85656547546387
4.1411426959883935,0.0410138384919486,2.534300627715776,-0.6827969527029577,3003.971905134572,0.699444305555553,0.24454456485834,4.426226292488452,0.2295289683416279,0.1119744628510178,-0.5701468003681724,0.7699253906413362,416.6452291023903,0.5058333333333334,-0.789883600231843,4.386397491633633,4.85656547546387
4.140558202127006,0.0408158878857465,2.533525610402067,-0.6767387442573717,2989.1824617202765,0.6966666666666667,0.2453799453078274,4.4280600097907366,0.229876901630565,0.1121191659425545,-0.5718839306437387,0.7691422778413711,411.1756425534625,0.4994443611111112,-0.7997394030835462,4.38587730616868,4.85656547546387
4.141221247082089,0.0408943513266968,2.543238835668305,-0.6854977117601736,3004.9195454833966,0.7008336666666664,0.2432460285681419,4.427741692369607,0.2301653366982433,0.1118977493366944,-0.5751774167001087,0.7657657470619873,412.2097607109444,0.5019444722222155,-0.7963664261200699,4.3884866269665705,4.85656547546387
4.140661829376221,0.0408711919747159,2.53117751509799,-0.6755941425018827,2979.5148611251843,0.6941665000000001,0.2463873714057501,4.427726145222924,0.2301551784019448,0.1118744452860426,-0.5840225254489559,0.7612766844186097,408.8710641657225,0.4952778333333359,-0.8045042540786225,4.386011179976492,4.85656547546387
4.140693947844803,0.0407199582374581,2.5438748560577955,-0.6801320050470138,2994.0927112899844,0.6975973888888903,0.2451564620746297,4.426314946998969,0.2298079549658055,0.1117895881556857,-0.5759021954673567,0.7655618367775764,405.7859422787075,0.4916663888888918,-0.8116846407136135,4.38735413349495,4.85656547546387
4.14068969675466,0.040831052886231,2.5304644111197114,-0.6696097525172242,2983.6319982437644,0.6943071666666785,0.2458491518284933,4.429980439962415,0.2301619652295206,0.1118046762651002,-0.5794796601770842,0.7630624999474668,409.1819695398594,0.4961110555555529,-0.8049979205603071,4.389685136937235,4.85656547546387
4.1408422056469085,0.0408930754036782,2.5308962449814043,-0.6759236605673173,3009.73003056179,0.701666472222213,0.2437014586861924,4.428458942674509,0.230046872118829,0.1120683169579856,-0.5764650260238846,0.76623864537841,409.63653589334456,0.4961113055555486,-0.8040893637431055,4.383208104209603,4.85656547546387
4.141114207617291,0.0407881528472718,2.544972433634561,-0.6834799783514042,3016.602209075884,0.7030553333333228,0.2430694667123823,4.425395088739775,0.23005966677122,0.112185195190568,-0.5782454762875746,0.7658779520065557,405.9570082373125,0.4905556944444348,-0.8142643569366299,4.385990771695432,4.85656547546387
4.141131125803795,0.0408222522419942,2.5449817369994587,-0.6840127261323867,3006.314161151078,0.7008331111111006,0.2437490267727191,4.42605295433588,0.2298524982610913,0.1119098953475361,-0.5770806161019193,0.7654079127521711,408.7518689356887,0.4949999722222209,-0.8047910651847374,4.387349799639466,4.85656547546387
4.14077117465648,0.0407673491315827,2.536271909980218,-0.6748991375227948,3026.1673784393097,0.7041049444444394,0.242409820832673,4.430200432989434,0.2295247573985931,0.1116894257997876,-0.5700070783143114,0.7688956849975982,406.0385420681109,0.4933331666666749,-0.8080819935284249,4.386917985238946,4.85656547546387
4.141141468819794,0.040791956652774,2.544760094245034,-0.6832144723301509,3008.750275524966,0.701388861111126,0.2437136151739483,4.425510008263826,0.2307069405921834,0.1122947258726693,-0.5865268152888969,0.7597373305293895,406.75630799776127,0.4924999166666627,-0.8114159118635064,4.384336393403597,4.85656547546387
4.14087771350018,0.0408641848357882,2.5312402791422515,-0.6755011448927687,3015.455109651207,0.7013890000000053,0.2437033692098914,4.427944255115752,0.2292446871033746,0.1118852672810992,-0.5628343406277105,0.7741200934541163,411.8676862021642,0.5005556388888929,-0.797047360634337,4.383805095627626,4.85656547546387
4.140880357562088,0.0407079219649483,2.5458243891417527,-0.6793712796478414,3025.704119808909,0.7052778611110989,0.2422426379997709,4.426751681587131,0.2299546785844114,0.1119237823058601,-0.5765636612455243,0.7654876185764063,402.9531938919903,0.4877776944444243,-0.8180662673081561,4.386991657282134,4.85656547546387
4.14092009722904,0.0407575828440338,2.5381395881496447,-0.6778880378933646,3018.6238787978605,0.7030556388888767,0.2424894698829227,4.429010632406447,0.22986577012812,0.1119187225703269,-0.5725233856944003,0.7658346535364372,412.1012977113381,0.5027778611111312,-0.7943067268153705,4.390293407315104,4.85656547546387
4.140787877018743,0.040870986813899,2.527023430281399,-0.6725561632604523,3014.795628706353,0.70231411111111,0.2430571374365742,4.430979344606063,0.2298343467944497,0.1117721329219859,-0.576870645757221,0.7652543625382316,407.77308875763913,0.4941666944444619,-0.8079570871739689,4.3895106898368965,4.85656547546387
4.140943188312625,0.0406932682477314,2.547330268456746,-0.6814658765752305,3026.434890562372,0.7054190555555396,0.2424402020006242,4.425640730212435,0.2304063067266406,0.1122732641247997,-0.5830575197071148,0.7622640938470701,403.153173101534,0.4872225277777761,-0.8202660556815916,4.390067014959681,4.85656547546387
4.141014156462271,0.0407202840515978,2.5445792692451823,-0.6803880198523475,3011.7999796891545,0.7021748611111414,0.2434034574663838,4.425927989893127,0.2300145533379848,0.1118173377890781,-0.5801292786387617,0.763735524769209,406.2948262350136,0.4927777222222196,-0.8081345023824488,4.389880111379031,4.85656547546387
4.140698221955765,0.0407520408727033,2.5342882978293755,-0.6734921850163011,3020.957657203732,0.7041669444444576,0.2426925243544838,4.428367376755882,0.2298309796339391,0.1118041151055675,-0.5731896538590084,0.7672381437231462,406.8562779478097,0.494166499999992,-0.8069746518173001,4.388736769566389,4.85656547546387
4.140503889253387,0.0406567085694307,2.53547811280349,-0.6709421919101068,2992.639927647336,0.6966666944444296,0.2453580329567847,4.4276418006392655,0.2303940932362138,0.1120604281955738,-0.5822458986384769,0.7626513862955954,406.3277719744737,0.4913887500000096,-0.8115776959891061,4.389936436334327,4.85656547546387
4.140590328400156,0.040695720432042,2.5350480819711807,-0.6783719246214064,2993.503533630411,0.69802136111112,0.2449214821426514,4.427258340185013,0.2300799066497182,0.1121423921178993,-0.5825729417829546,0.7629884627136381,406.2503946116651,0.4930555277777603,-0.807268723782453,4.368825079847953,4.85656547546387
4.140829110098728,0.0406574408698801,2.5438663129397803,-0.6783592125113137,3034.0732255233243,0.7066667499999878,0.2418110670281756,4.426049517509843,0.2303492900787114,0.1122127472671505,-0.5755521366051184,0.7658546689067472,403.4879944846033,0.4880555277777926,-0.8180830166741133,4.381765553103635,4.85656547546387
4.1410429964337165,0.0406980752583474,2.544939417775608,-0.6810881047088287,3010.923310934385,0.7019444722222073,0.2432707224964876,4.42609034028407,0.230503769103514,0.1121259586999251,-0.5846532686024908,0.7605422263955534,405.268331396513,0.4897223333333386,-0.8160254703669374,4.386597505724827,4.85656547546387
4.140685958817178,0.0407830392456505,2.5293494064465727,-0.6716677033870107,3022.0708719024365,0.7041668611111042,0.2427406317910662,4.428679940002521,0.2297856431469178,0.1118200335301057,-0.5736346447213991,0.7679228909305856,406.83292830432345,0.4924996944444461,-0.8096328574968267,4.390981326535264,4.85656547546387
4.141266559484131,0.0407903769477151,2.541256191525882,-0.683771269619731,3000.18425591889,0.698888916666668,0.2440675356458832,4.425070080965613,0.2294470728426643,0.112061377014632,-0.5667078057460211,0.7718744730155613,415.52543041043936,0.5049998611111126,-0.7912378610617841,4.384269306142163,4.83248710632324
4.141341618452922,0.0406314440020603,2.5593012287100203,-0.6882270578337347,3005.601955282591,0.7008965555555551,0.2435630046333843,4.423334327360866,0.2302216626092344,0.1120605158320297,-0.580921846894169,0.7631571394772426,408.5071479245631,0.4958334999999998,-0.8055045421559535,4.389019056633388,4.83248710632324
4.140909214432423,0.0405807233270179,2.5495235379593253,-0.6807159963475592,2975.6351750839235,0.6930555555555555,0.2462855704083949,4.424426662271369,0.2306036125952273,0.1121811952341908,-0.5867814652885222,0.7618199739868651,411.4817402481871,0.4977778888888901,-0.8019319708301281,4.392998780516427,4.83248710632324
4.140944970589528,0.0409460921281743,2.511951938964896,-0.6628050716809866,2970.3257447570986,0.689807416666671,0.2476491925991071,4.431034307773867,0.2304911737275474,0.1119601274639148,-0.5898614270540308,0.7584833664977394,409.3180410374014,0.4966668611111122,-0.8023296785767686,4.394271033828535,4.83248710632324
4.14085235039647,0.0405624046496526,2.5517558245469725,-0.6757781236810321,2986.2823555587684,0.6952009722222202,0.2456963124362561,4.4252135518340046,0.230128072718373,0.1119053957112699,-0.5791628311704011,0.763902316305835,406.76432299004114,0.4938889166666599,-0.808046752956065,4.389976483591915,4.83248710632324
4.141133458526046,0.0409293059398113,2.511229335875216,-0.668726293072169,2975.365363487248,0.6895290555555564,0.2476309145446398,4.42785038411534,0.2309623345166394,0.1123033134629872,-0.5866998153939007,0.7603352149380045,408.999671313273,0.4952780555555606,-0.8071167964725005,4.395684350321073,4.83248710632324
4.140985313969542,0.0406299732354416,2.546461475466093,-0.6811230711476619,3010.480169520632,0.7016666388889038,0.2425563119969323,4.427560312912984,0.2296985412876193,0.1118310105116394,-0.570709621424875,0.7683317033324117,407.7165059558455,0.4961111666666693,-0.80332374767963,4.38777268243373,4.83248710632324
4.141233281234633,0.040640724826722,2.5500616137189898,-0.6844300253357118,3001.602865914895,0.7002776666666614,0.2435344884229237,4.424508072667274,0.2303503927503313,0.1118263982347787,-0.5891229757629648,0.7587667408004829,404.2195399911169,0.4897225277777761,-0.8130893996841702,4.394580760986824,4.83248710632324
4.140823398331283,0.0407180703366265,2.5317169035178977,-0.6678365759247538,2973.061869828789,0.6914855277777759,0.2468799340868317,4.428304193040489,0.230189815277976,0.1117265913839893,-0.587737976970141,0.7592639305825177,405.7140258893037,0.49138897222221,-0.8090393137558629,4.393187801906773,4.83248710632324
4.140740567813803,0.0408557981060351,2.503371020183219,-0.6599391842703317,2986.759998289496,0.6925000277777791,0.2463536903910562,4.4309374589542525,0.2300404867466894,0.111750878898086,-0.5815091047015639,0.7622793581311859,403.7057965718243,0.4894446388888981,-0.8150858224043752,4.390183102037553,4.83248710632324
4.1408044001781645,0.0406031718893642,2.5410841136951405,-0.6713318334717585,2974.416919723523,0.6920857777777807,0.2465686667170049,4.426963010835704,0.2302460718591286,0.1119693813399049,-0.5799796049981918,0.7615551691882777,407.3024582795251,0.4944443055555489,-0.8083008357152235,4.389524624128256,4.83248710632324
4.140458337500876,0.0405933899792382,2.533031466021424,-0.6695650623602974,2981.141801362634,0.6944442222222278,0.2453941367536608,4.429008132222328,0.2301706465143949,0.1117927506433263,-0.5810162835047121,0.7623577163210773,406.7926374443519,0.4919445000000026,-0.8107997979169779,4.389001770876972,4.83248710632324
4.141052843427143,0.0408774850061082,2.510638519942918,-0.6694501329767706,2994.914287611382,0.6944444166666653,0.2457380774564767,4.42776364693849,0.2301970941923417,0.1118387206582123,-0.587295425601996,0.7590810748876059,402.1157903259832,0.4863890555555635,-0.8211185336572454,4.391084994488379,4.83248710632324
4.141010293296096,0.040626784215402,2.543463032651623,-0.6795325809456625,3008.158381527728,0.7011227777777822,0.242658089643476,4.428851375360473,0.2298844404833417,0.11178370979862,-0.5738444800564348,0.767624357057831,409.1504426176711,0.496666388888908,-0.8044177952458853,4.3894505940341855,4.83248710632324
4.140549149469567,0.0404422087766489,2.550342126870804,-0.6754817260683341,2991.6044412781102,0.6970960833333407,0.2449599641196436,4.425693308857448,0.2307586326362556,0.1120395778655414,-0.5848803270142318,0.7599584996564908,401.60614798945073,0.4855556388888766,-0.8223452717748241,4.390711092695685,4.83248710632324
4.1411018034902085,0.0405695808393099,2.5502009687179177,-0.6822093595434573,3004.7054145232632,0.7000000833333211,0.2436092631654751,4.424442648736152,0.2299541931586807,0.1119153283522972,-0.5756163128551761,0.7641972438831941,410.0628278158223,0.497777527777782,-0.8026442064611472,4.38883620338324,4.83248710632324
4.140853128180374,0.0406605317493751,2.5367743511539453,-0.6756845497670657,3008.143887263447,0.701666805555546,0.2433200997884182,4.427298300826975,0.2301815225315569,0.1118436555403964,-0.5854131808684646,0.7607413828968985,405.67419960111226,0.4916665833333455,-0.8121951669593156,4.390800139406102,4.83248710632324
4.14075648917514,0.0404287793176965,2.5551193968225503,-0.6815514986679694,2993.545844624373,0.6975019166666768,0.2443580338897004,4.424921126763826,0.2297191906159054,0.1117972430496077,-0.5777056695233616,0.7649005393891908,404.1714530798861,0.4897223611111015,-0.8156348836049788,4.38758352115546,4.83248710632324
4.140660220770527,0.0405045334934588,2.5432755152250106,-0.6755566197714664,2982.0131597090904,0.694722194444427,0.2454181236951827,4.426239679645101,0.2304799646435474,0.1122359876043031,-0.583028398956237,0.7616282208326024,406.7501135337815,0.4925,-0.8113585450322495,4.391252938223947,4.83248710632324
4.140525885717663,0.0407339096334513,2.514478798342251,-0.6576113071302391,2982.9731864058904,0.6927778611110988,0.2461874389633675,4.4317359366504165,0.2306027498706826,0.1120456642079127,-0.5847049116802174,0.761206143098959,407.11212166499627,0.4961112222222275,-0.8045909936884946,4.387604907343312,4.83248710632324
4.141031869981863,0.0405769134366278,2.545891146084272,-0.6804849408620924,3011.1108969543347,0.7019443888888862,0.2429800071144946,4.424487133374694,0.2299024933065253,0.1119539167873086,-0.5787233059335408,0.7670238793292151,407.11580647934295,0.4941666388889037,-0.8059121857504137,4.3909758342752285,4.83248710632324
4.140584077119732,0.0407725610596281,2.51306996665781,-0.6570951371874706,2979.4250761932312,0.6921905277777761,0.2459857591490125,4.43481287529564,0.230478462484212,0.1121270459111412,-0.5846360560847419,0.7608289719148145,405.0324609597408,0.4902776666666937,-0.8134283782680755,4.384384442037226,4.83248710632324
4.140650414095985,0.0403331757670702,2.5587451815063784,-0.682623726632816,3000.8843905365075,0.6997222777777804,0.2437352845989663,4.423984195903248,0.2302716062117035,0.1120431734857469,-0.5868390189909469,0.7597024045330407,400.4220688006494,0.4838885277777768,-0.825332666333719,4.388898050401741,4.83248710632324
4.140718861428913,0.0405634179187975,2.539662675799376,-0.6719691087803632,2976.393595399504,0.6927775833333403,0.2463004184841015,4.426391154063884,0.2299861332278588,0.1119710321531766,-0.588788841471588,0.7586803180770113,405.5660717582252,0.4930555277777926,-0.8081635087601786,4.383022890137827,4.83248710632324
4.140810940909903,0.0405519921472439,2.5414294428803306,-0.6753876356265102,3022.7909112242514,0.7038889999999729,0.2424266074221007,4.426138877578127,0.2293269105230261,0.1117558236102327,-0.5676052824224764,0.7708825466920131,405.1381206089793,0.4922222777777804,-0.8108517042950446,4.384666663745436,4.83248710632324
4.141036005492258,0.0405280471063748,2.5493217834099533,-0.6826873753287145,3005.369296551501,0.7011110555555529,0.2429974441710667,4.424211546115219,0.2304555188686871,0.1118303606168862,-0.5871005284317614,0.7587204886889509,401.5246541416408,0.4849998888889159,-0.8229209171171534,4.393570738423358,4.83248710632324
4.140929754377119,0.0406381521288004,2.5381965681551613,-0.6765845411130144,3012.415166128657,0.7021520000000278,0.2431750527084851,4.426613904708052,0.229233844888217,0.1117740070753278,-0.5709024788433248,0.7692270027879503,406.9646515483756,0.4941668055555136,-0.805766676661714,4.385976758863478,4.83248710632324
4.1406051284288505,0.0405688264506042,2.5309623401540065,-0.663463098937631,2997.3435047820503,0.6969445277777656,0.2447121921675427,4.428349472971179,0.2304727618431536,0.1119982821060332,-0.586372179513313,0.7596385171875054,400.2166963213817,0.4841668611111042,-0.8236165122405132,4.386556158013772,4.83248710632324
4.141141829160181,0.0405371776361673,2.550866426789735,-0.6829115791699034,3005.56888318611,0.7008464999999463,0.2428932233784839,4.426225027585464,0.2301069307658407,0.1119612284653415,-0.5778423896837364,0.7641257380136153,406.11106553386537,0.4911111388888417,-0.8137537085480733,4.389058873656518,4.83248710632324
4.140434353792967,0.040782784180689,2.5037779445914943,-0.6519823897594001,2991.1336110260754,0.6944444722222397,0.245207967486597,4.435030354014502,0.230507488594921,0.1119261932924204,-0.5888822429187237,0.757831758046884,402.68068645109975,0.4872224722221855,-0.8186940758141036,4.391451388294524,4.83248710632324
4.141207263457431,0.0405107503141765,2.5549187032455314,-0.6862673633482121,3010.03534247426,0.7016668333333089,0.2423163538393496,4.425360874609417,0.2305151876469407,0.1119780062491687,-0.5896795222993911,0.7584031145388718,401.6400702246265,0.4861110833333805,-0.8216642168086413,4.391681365052693,4.83248710632324
4.140944927553587,0.0406098072262888,2.5400526570216666,-0.6773854530203424,3012.1744145568564,0.7019078611111036,0.2432351779069979,4.42603837810022,0.230182469132441,0.1119579616527213,-0.5796018389774247,0.7635402718173437,405.8248853206961,0.4913891666666475,-0.8139294205489317,4.390835022975156,4.83248710632324
4.140540634870624,0.0403984320148061,2.5474488372627477,-0.6775729293112317,2998.883960998586,0.6988888055555678,0.2436779931370356,4.426371398753033,0.2304110290188989,0.1118956028004319,-0.5827876176920275,0.7616203809455446,400.6559523057582,0.483888583333335,-0.8263602185751002,4.390315925638149,4.83248710632324
4.141057270310792,0.0405477065494226,2.546409104991405,-0.6791231892657229,3014.169978040877,0.7025422499999533,0.2428472136109346,4.424945354203834,0.2299692290085378,0.1116468825758758,-0.5721747795718657,0.766040951148122,407.5779228445462,0.4958330555555747,-0.8047176559739755,4.392874774465552,4.83248710632324
4.140512615132084,0.0406576635343939,2.5230393044326824,-0.6601729309657476,2981.9953393310343,0.6936109999999948,0.2459316013624899,4.4297301486283,0.2303730781504086,0.1119914805706562,-0.5859677246267281,0.7597503831401266,404.2587511401047,0.4897223333333386,-0.8160988013057834,4.3911986047334,4.83248710632324
4.140729614740897,0.0403965282549363,2.549361600295435,-0.6835750282773131,2999.200705314823,0.6993299722222663,0.2433790370919902,4.4254388929253,0.2304685486498823,0.1119690208607803,-0.5898068292958492,0.7585402847007534,401.828030565769,0.4861110555555852,-0.8221201014033668,4.3928993666915765,4.83248710632324
4.140766036304852,0.0407475867193883,2.5122529650842886,-0.6597844536274713,2980.6057728165297,0.6919831944444579,0.2459498969185994,4.433019064635522,0.23089571760163,0.1122064826203621,-0.5927749637241533,0.7564268785262944,403.9500105788351,0.4877778333333036,-0.8167396088490351,4.39565496170443,4.83248710632324
4.140553207094105,0.0403616331748621,2.5488099812640144,-0.6763349841647286,2996.872336358718,0.6983333611111286,0.2435570303603509,4.4276943134886455,0.2298050145757143,0.1120194171276973,-0.5770731954434738,0.7662681072821659,402.5024082587383,0.4883331944444217,-0.8180063624544708,4.387670547545596,4.83248710632324
4.140684016272337,0.0406326156718235,2.5240422943935994,-0.6613771364370591,2986.2565137085385,0.6944446666666773,0.244868696056076,4.43243041647372,0.2300472492277622,0.1119298748832621,-0.5881684266279672,0.7582055461998396,404.3914783657112,0.4916667499999878,-0.8106823533168187,4.385375189663641,4.83248710632324
4.140531361294099,0.0406803080390647,2.5178634980205783,-0.658288374883902,2981.148278308001,0.6930557222221978,0.2460632802739239,4.430399900307396,0.2301180781732639,0.1118768086537874,-0.586540413641147,0.7596599421843833,402.8488107408883,0.4877777499999825,-0.818488469332818,4.390321003616305,4.83248710632324
4.140602597772363,0.0404185104189,2.5456627050053533,-0.6745044843778389,2992.220134175136,0.6969442500000069,0.2442655184361756,4.425166899155511,0.2304186638230565,0.1119157084322267,-0.5849664692899474,0.7607650007210681,402.24049390471066,0.487500250000028,-0.8190018170744354,4.393801682818011,4.83248710632324
4.140800132272537,0.0403937643602474,2.551405213734024,-0.6849206722753292,2987.276131954857,0.6966665277777551,0.2446469425073184,4.423594822116161,0.2307308456153189,0.111939582558832,-0.5899825752327734,0.7580145769929669,404.1650935223967,0.4891668333333736,-0.8156848129478061,4.394519985925559,4.83248710632324
4.140793218492428,0.0404723089516585,2.543459185492006,-0.6751174050347843,3026.8101798890584,0.7046456388889217,0.242215015786146,4.425732692935334,0.2300887197401008,0.1119548529248851,-0.5776293396961836,0.7654060990354831,402.8012758398643,0.4877778888888942,-0.8176049098999079,4.3891583140996895,4.83248710632324
4.140649141377783,0.0403935320431479,2.5462202017737785,-0.6780275917637371,2988.4532056061744,0.6966668055555784,0.2441382948105798,4.426304331496725,0.2307805373505585,0.1122612611412917,-0.5969260084464816,0.7547379158062782,404.4790356442685,0.4883335833332967,-0.8188783286833341,4.391998616703535,4.83248710632324
4.140811345395147,0.0405693383596938,2.537297039725436,-0.6753026595267393,3011.318881602252,0.7016665833332809,0.2430449477681932,4.426272931361844,0.2300046840693221,0.1118965079292429,-0.5814485424382299,0.7637027883236961,405.856897219139,0.4930559166667,-0.8082250078732927,4.390771434073496,4.83248710632324
4.140739444915406,0.0405192870116417,2.5378439656158966,-0.6676911378228368,2992.4764098327187,0.6955553333333228,0.2451179909705673,4.426389265281189,0.2305586443913072,0.1119162120245775,-0.5905084252504396,0.756839971824157,398.276970300481,0.4805556111110814,-0.8306853072727389,4.39136697883536,4.83248710632324
4.14108442287634,0.0404974705419314,2.550030131922474,-0.6823547676562918,3007.616111421178,0.7011109999999947,0.2430777171728119,4.424449829964058,0.2302125755302544,0.1115888939717535,-0.5890432799759675,0.7582973870860223,401.8248307083353,0.4855555555555556,-0.8205047393008827,4.395019107851989,4.83248710632324
4.140894820959247,0.0404748859869987,2.5476201837015244,-0.6778408357446892,3016.4097704775377,0.7035496666667233,0.2424378032657752,4.425467015718737,0.2307650271344445,0.1121427528490034,-0.5832784672029048,0.7611352251572447,401.37246634994295,0.4841668888888994,-0.8243250418070484,4.392946970519471,4.83248710632324
4.141163449240203,0.0404623867568482,2.5540027916796326,-0.6834599315679891,3006.6443343674887,0.7011113611111391,0.2423988360586833,4.426059914660217,0.230813711898648,0.1123463670933369,-0.5961018481924647,0.7571141483754956,405.08956425305234,0.4891666111110761,-0.817423288650879,4.391472263529016,4.83248710632324
4.156222664044866,0.0309991808709207,2.2392046617040475,-0.5245609299076007,1557.809402090454,0.3583333611111111,0.32581859103317,4.453260484591065,0.2409795723795996,0.1146217529452362,-0.8056434952834204,0.6320766443235407,549.2945782244421,0.6391665277777777,-0.6253045143389602,4.436711928222903,4.77918815612793
4.155992145212288,0.0309672629480716,2.2429497417984767,-0.5195132688237488,1552.5747551391603,0.3570180555555556,0.3395630096035338,4.464195279393448,0.2433659799567515,0.1155305684082787,-0.8554236745346828,0.6057235063086185,560.0483839052216,0.648055638888889,-0.6147674467186054,4.450315141356,4.77918815612793
4.157425602205003,0.0288083195637146,2.2101677175733414,-0.4677355123676193,1329.7602686981202,0.3056216111111111,0.3683930663049757,4.471030018202049,0.2458443716752883,0.116384417955616,-0.9206415931017728,0.5661748580857581,601.4908705013045,0.689999888888889,-0.5773970572279956,4.460720394160395,4.77918815612793
4.157206755054223,0.0288938066980243,2.210825206631729,-0.4681714381782335,1338.916486895752,0.3077776666666666,0.364991261286366,4.467838231346506,0.2459098529722541,0.1162542185713429,-0.906192289229034,0.5736439666181575,595.1028286382677,0.6741667499999999,-0.5889743796285624,4.465553763984507,4.77918815612793
4.157252574523433,0.0289199092921778,2.213346147334067,-0.4744812548666342,1344.8413838729855,0.3091666944444444,0.3525381465559666,4.469561113226051,0.2441935900849579,0.1163796541677172,-0.8919396703492679,0.5866020277763795,595.7214401865006,0.6811111666666666,-0.5856411804410578,4.44866380306173,4.77918815612793
4.15726711979238,0.0289601103981361,2.214376818441201,-0.4727086559216036,1341.5353581420895,0.3087047222222222,0.366959736990255,4.462531865451887,0.2427340736692668,0.1172455156016949,-0.8869048016310881,0.5995863560303373,599.739679530074,0.6947222499999999,-0.5736224091186779,4.438519936002563,4.77918815612793
4.157156509966463,0.0288985259387804,2.212357146012287,-0.4740188513959303,1340.4629588729858,0.3080554722222222,0.3683476459858762,4.478119884984379,0.2456510113200917,0.1161587361818226,-0.895089684555499,0.5787806573003188,591.8523817539615,0.6769443333333334,-0.5893058620509989,4.4635818594286985,4.77918815612793
4.157252740603161,0.0289156784872265,2.215145753335803,-0.4744070059332697,1344.1184364761352,0.3091665833333333,0.3645761655118117,4.464367011905993,0.2444868623534722,0.1162156217427611,-0.8883023162905741,0.5866375162371572,596.1775910382655,0.6816666944444445,-0.5804483585507588,4.455534904070262,4.77918815612793
4.157278702382752,0.0289805915251113,2.216026921799293,-0.4770286854795268,1348.0244800323485,0.3102777777777777,0.3632705128395675,4.468105647407001,0.2453582861687157,0.1163234679991487,-0.8964212505892766,0.5834457952011108,592.5282144817423,0.6775,-0.5864879631908178,4.4587747778937095,4.77918815612793
4.157222933688407,0.0290007315715417,2.217669319767163,-0.4748234715931413,1352.3835729873658,0.3111110833333332,0.3590543250097333,4.469962848478549,0.2444846443738633,0.1158578339022881,-0.8889779325019478,0.5858279452059375,594.9305499187685,0.68472225,-0.5835831424263853,4.454433984040212,4.77918815612793
4.157132980861903,0.0289560360203536,2.2160271179707225,-0.4736904583365872,1349.8766026504518,0.3102778611111111,0.3520901450684095,4.473007050579656,0.2446601200417664,0.1160495063402183,-0.8826301270445236,0.589127357941965,592.3995646228723,0.6752777777777778,-0.5902306747161916,4.459868831402935,4.77918815612793
4.157012538466739,0.029002994753339,2.208648006859587,-0.470143650241682,1351.024985745239,0.3105554722222222,0.3580706811670299,4.462801016761028,0.2461341530353493,0.1163289483765995,-0.9037285043935052,0.5755173035754735,593.0916411731504,0.6772221944444444,-0.5887625716126602,4.466183125770479,4.77918815612793
4.15717165780365,0.0290709648579094,2.2111564525830625,-0.4722812093338674,1354.7984625946046,0.3114118888888889,0.3664033637043872,4.47117871473574,0.2449502631141352,0.1165277068066153,-0.8876032847482609,0.5834285472005103,596.5866725492381,0.6866667222222222,-0.5797090317443754,4.455438288680952,4.77918815612793
4.156936828711441,0.0291652486247555,2.1973468833037764,-0.4640203313233331,1361.0886656326293,0.3127778055555555,0.3555265351428789,4.469620821298362,0.2453284422207994,0.1160246307771435,-0.8898402644373151,0.5853997664974674,597.8732013979153,0.6847221944444445,-0.5830919701058287,4.463447611842071,4.77918815612793
4.156929835001628,0.0289467465129985,2.2213527060829974,-0.4671173591543094,1358.7670827514648,0.3122221111111111,0.3535339826221565,4.468486124369441,0.2445830536412192,0.1161818467082116,-0.8843903895705969,0.5890730319623327,594.5996246610723,0.6783334166666666,-0.588871327169833,4.460781110724783,4.77918815612793
4.157075216249293,0.029017607230237,2.216194906500334,-0.4754935699594131,1358.8599542251586,0.3124553888888889,0.3633636397563871,4.461530662489434,0.2451256113908782,0.1164321085956161,-0.8955286885045579,0.5834185472242663,594.8183167201046,0.6794445277777779,-0.5867481401487128,4.457864562194441,4.77918815612793
4.157255376117737,0.0290377967615731,2.216308671223793,-0.47392126667584,1354.558324316406,0.3114963888888888,0.3644823228068371,4.464983264124106,0.2450948231509768,0.1161027789021471,-0.8876635014079608,0.583336236727874,587.3288582195955,0.6688889444444444,-0.5960397805987,4.455629990316163,4.77918815612793
4.15714681296222,0.0290790154720063,2.215077285064467,-0.4729159604491236,1363.3369247543335,0.313558,0.3638955586731188,4.46401416348254,0.2440219879920604,0.1159587565497965,-0.8705510445063931,0.5950469805660951,594.2839205184116,0.6858334166666665,-0.5819953424798648,4.453381152246816,4.77918815612793
4.157226507073498,0.0290540983715587,2.21927951918302,-0.475921839840591,1358.9098721359253,0.3126413055555556,0.3635502102831784,4.470070010779234,0.244334575180612,0.1151167227564585,-0.8669955107681226,0.5921465857068695,582.3799760059574,0.6683333055555555,-0.5951263313592794,4.462739654732348,4.77918815612793
4.157210168303492,0.0290463943707296,2.211823186369024,-0.4745844806734922,1355.141100744629,0.3116665833333333,0.358008924116952,4.47423274334834,0.2459869589507454,0.1167046843522382,-0.9152841480372024,0.5711169071119058,590.0605174884361,0.6738889722222221,-0.5924706326371679,4.462774751485427,4.77918815612793
4.157174558376268,0.0290307437732087,2.2153907312105856,-0.4744069506522989,1354.5073079086303,0.3115153055555555,0.3632448122019177,4.4578225970110665,0.2456910008611549,0.1159549627109762,-0.8961067449619953,0.5736747347593326,593.6587002031617,0.6752776944444445,-0.5919518079788829,4.463351355290458,4.77918815612793
4.157225668906319,0.0290524734221984,2.2132302336541367,-0.4745768467066256,1360.0068229904173,0.3127778055555555,0.3617786065848332,4.467001123164703,0.2459614647529588,0.1162593397876571,-0.8991208595479909,0.5782731452510229,589.3218817304869,0.6727776944444446,-0.5902717179678874,4.467037450629774,4.77918815612793
4.156715257928727,0.0296977117515533,2.2197396848057136,-0.4871016670236375,1417.8296890441895,0.3260375833333333,0.3563522751926318,4.46458333779949,0.2442161385231847,0.1161862215047704,-0.8810763877694883,0.5907948537571818,578.2088113824123,0.6641668055555556,-0.598729862759221,4.456617055110103,4.77918815612793
4.156873345274121,0.0297642655205592,2.224318620577181,-0.4900928480020714,1424.973665020752,0.3277427777777777,0.3541126781164603,4.458085129863426,0.2446396212095926,0.1157269320076443,-0.8867095202574173,0.5842058865739749,577.6983612155154,0.6661110833333334,-0.5991622434055,4.458493248926117,4.77918815612793
4.156766314021612,0.0297512635472021,2.220160761238448,-0.4874297158013757,1424.136359820557,0.3273261944444444,0.3543696025521202,4.4578326224207485,0.2458368948489389,0.1156949696768454,-0.8830506865522771,0.585027658712874,581.6175994568466,0.6683333611111111,-0.5948205925693101,4.467115099483789,4.77918815612793
4.156692944479717,0.0297204231785884,2.218938416296018,-0.4833251631769854,1421.154640664673,0.3266858333333333,0.3554510279563176,4.463019742556576,0.243945327285907,0.1162748919389668,-0.87628740592017,0.595976386017678,582.2088174019061,0.6683331944444444,-0.5954900670163734,4.450790402284877,4.77918815612793
4.156770316847523,0.0297330456647294,2.219741716139127,-0.4858055529004846,1420.5565775299071,0.3265428888888889,0.3558008413978172,4.466465815683533,0.2448381331704608,0.1155677217871621,-0.8843809734366741,0.5854721874467428,579.8902809446755,0.6624999722222223,-0.6024274651285879,4.455992359468397,4.77918815612793
4.156947832686504,0.0297869888755161,2.220921562102182,-0.4898309165404134,1430.1715871658323,0.3289211111111111,0.3526527375378783,4.471808833767935,0.2444054661425254,0.116396325455981,-0.878174983892348,0.5946770240978132,581.2014682274248,0.6663889722222222,-0.5974228850468482,4.457857970583672,4.77918815612793
4.156748330421221,0.02972667769689,2.219847408233066,-0.4866979380458738,1423.8894201416017,0.3272222222222222,0.3529404541430125,4.474043563505407,0.2453819775825787,0.1159015514585417,-0.8807803760781123,0.5886484643070174,580.9914198931751,0.6655555555555556,-0.5968070662081341,4.46188078046676,4.77918815612793
4.156781219530709,0.02976993898598,2.2233421349721167,-0.4882930914463436,1430.7568112594604,0.3288479444444444,0.3544567282684893,4.45998526741596,0.2445891896405432,0.1159608152185447,-0.8843359326250755,0.5859547365881028,575.4256153059115,0.6580555000000001,-0.6052935594199064,4.458284832890801,4.77918815612793
4.156747715438856,0.0297377662738781,2.2247620342277368,-0.4867993524817114,1426.1506464706422,0.3277695555555555,0.3544692685756407,4.465891088993581,0.2434381575013464,0.1154857314608086,-0.8713044392191747,0.5963307931252758,577.0656197247472,0.6655554444444445,-0.5962724031290636,4.45612357306397,4.77918815612793
4.15703433067412,0.0297704671026875,2.224792082368275,-0.4927437941055498,1429.968256321716,0.3285336388888888,0.3540280381097982,4.462323990503406,0.2435307849684898,0.1162203771776039,-0.8731150638964662,0.595700266225632,582.911832870239,0.6736111944444445,-0.59149831159561,4.450424273136777,4.77918815612793
4.156735485047735,0.0297195384904763,2.220943161183931,-0.4866422106886941,1420.4359787338258,0.3266348888888889,0.3551196071698069,4.471907420555399,0.2438951594691913,0.1160306353802408,-0.8766896543081852,0.5949358123402955,580.3496946210387,0.6680554444444444,-0.5955906332391979,4.45154772940901,4.77918815612793
4.156734150957028,0.0297017027152531,2.222226011524346,-0.489119509856762,1420.6372599273682,0.3266666666666666,0.343500837987783,4.455956725636387,0.244303566833252,0.1155988199137458,-0.8723173254531011,0.594413245279375,575.8030322118777,0.6616666944444444,-0.6034932645879183,4.455736239449026,4.77918815612793
4.156828544027096,0.0297469561730205,2.2198319138863885,-0.4870725566794405,1429.393470982361,0.328611,0.3520249293803418,4.465533316218438,0.245256576150349,0.1160080115445549,-0.8887173554901375,0.5850852976758301,576.4737841148399,0.658611111111111,-0.6061691352457299,4.458623939569898,4.77918815612793
4.156755726216203,0.0297354315502946,2.223942291465442,-0.4885124840486781,1423.7712756515502,0.3275000833333333,0.3418564836578505,4.45364980133693,0.2445736741797721,0.1162431117133892,-0.8716958594831836,0.5950635120429462,579.4021934836027,0.666111138888889,-0.5994940916187423,4.449500303562503,4.77918815612793
4.156663048965027,0.0296797836667745,2.2226004988610746,-0.4891668462791427,1421.9811149230957,0.3270548333333333,0.3544711745847703,4.462450869585025,0.2444579487334043,0.115880426811129,-0.8802286573914082,0.5891972261510925,577.4582429836541,0.6602776666666667,-0.6035171928788746,4.454190995163239,4.77918815612793
4.156658560871775,0.0297122730677117,2.2219117339397063,-0.4864689679110828,1422.7580733444215,0.3272221388888888,0.3512049858594676,4.460119829249737,0.2430628577669292,0.1154322749620824,-0.8812224173921175,0.5910766109240254,575.7542692561692,0.6644444999999999,-0.6001633130633437,4.453150252345607,4.77918815612793
4.156733879302901,0.0297253293900695,2.224705839401493,-0.48783444232232,1422.881301260376,0.3272222777777778,0.3515910019623789,4.462897906330225,0.2439410109877229,0.1155950199977255,-0.8800234405355902,0.5912826616296591,576.7291045146317,0.6638889166666667,-0.5990847694550234,4.4564053258166,4.77918815612793
4.156928751428248,0.0297508888840403,2.228057416896186,-0.4931225281706736,1423.5896314544675,0.3275000555555555,0.3474416944199608,4.469362756679583,0.2446904400618319,0.1161791861123854,-0.8806003314157103,0.5876498245935415,580.056340567252,0.6683333611111112,-0.5962977137742604,4.461334679923906,4.77918815612793
4.156862078333748,0.0297726648346388,2.2228549625535288,-0.4895427736249305,1427.6212773635866,0.3281722222222222,0.3536492881278296,4.4761201233102135,0.2454859275575663,0.1161724297802107,-0.8870230009447146,0.5850283227217944,576.4311757992123,0.6575000277777778,-0.6049892266036516,4.457778869448161,4.77918815612793
4.156691953691386,0.0297303294393655,2.224156879142202,-0.486827583708803,1423.5741906539915,0.3274999444444444,0.3537957595070898,4.4611508571198994,0.244482021539202,0.1156244533433541,-0.8754374717029973,0.5899078171008496,579.521781994943,0.6666666666666666,-0.5971266143023968,4.453858625790052,4.77918815612793
4.156744222350532,0.0297954371062024,2.2185903396870232,-0.4871263912101034,1426.3265857513427,0.3280554722222222,0.3510832164299521,4.462841838669191,0.2452345802380622,0.1163181985925958,-0.885531753840362,0.5868607670789213,575.2381170574083,0.6566667222222221,-0.6069611792883152,4.459471532503611,4.77918815612793
4.156707817540508,0.0295723453055991,2.238562037050302,-0.4870580003450265,1441.9270719970705,0.33166675,0.3451672362480738,4.4671655947965005,0.2448916171015251,0.1160137817616526,-0.8800059000713207,0.5902493161723521,577.5245555263758,0.6611111666666668,-0.6039470928429012,4.456543699816723,4.77918815612793
4.156770476438957,0.0297773993311941,2.222085600446738,-0.4865741012298701,1424.3646796768187,0.3275126944444444,0.3541692649932079,4.4705606125170885,0.2441868317995985,0.1161096284624715,-0.8862762207852644,0.5885104781187388,577.9558832200129,0.6597223055555554,-0.6041689837384963,4.458537446446581,4.77918815612793
4.156785349338612,0.0297266228052645,2.219850286033174,-0.48692763599705,1416.710694328308,0.3259970833333332,0.3562020067472985,4.4568514174384175,0.2442217571744278,0.1160879727878955,-0.8793281622122722,0.59091850267544,579.9539165445857,0.6675000555555556,-0.5983604199241311,4.453890160488058,4.77918815612793
4.156752287276248,0.0296927153474669,2.2277800271665344,-0.4897128955684133,1416.6273278625488,0.3258411111111111,0.3555969079166968,4.468838980940374,0.2448927379809559,0.1162255622818463,-0.8909310791351412,0.5848856248589068,575.0562537006865,0.6547223055555554,-0.6076292484784223,4.452754421253801,4.77918815612793
4.156756313568955,0.0300087093031297,2.227533544176237,-0.4983569770176724,1446.019917314148,0.3327042777777778,0.3541405550694454,4.4623902903832455,0.2450104828865834,0.1160963267642955,-0.8769737192559313,0.5913966702076717,569.8305155904615,0.6513887777777778,-0.6089370981845695,4.458168962295726,4.77918815612793
4.156342145910616,0.0305115471755083,2.237460997445589,-0.5102122323895785,1504.5498437545775,0.34580775,0.3440045137215196,4.452553913419095,0.2429588969552506,0.1151572857043789,-0.8534979795544619,0.6036276618235652,553.7475345023058,0.6405554722222223,-0.622941298615235,4.447511119072295,4.77918815612793
4.144296251509312,0.0395040723862834,2.651100417064617,-0.7551971255653785,2655.522662593794,0.6083618611111111,0.2695678338941487,4.41421587515403,0.2465182098178125,0.1133727774480354,-0.8532723313944919,0.5751903714262292,348.796631798726,0.3969445555555556,-1.0006048503772338,4.458289540139924,4.72342824935913
4.144133924027808,0.0395089643417807,2.6358308517160505,-0.7472530254548276,2663.7448531231407,0.6102777222222222,0.267171384870393,4.419433803055364,0.2465092620176543,0.1140698361789228,-0.8634416054448737,0.5700419306397648,350.8336645696893,0.4047221666666666,-0.9827086653633774,4.469678803600067,4.72342824935913
4.143988484412554,0.0394372304150429,2.643689120673645,-0.7487037271346706,2664.443632385922,0.6104173611111111,0.2675235035273264,4.421357621477635,0.2454822582151936,0.1139306788779577,-0.8633565945582018,0.5770169664040926,345.5225931938633,0.3972223611111111,-1.0047666997928728,4.463406991801411,4.72342824935913
4.143869303663122,0.039431130395785,2.637932807167877,-0.7405497732073875,2674.80359199891,0.6127778611111111,0.2656696784863966,4.422171781672739,0.2463308400571991,0.114112757325023,-0.860731056484259,0.5727657176815527,346.92772372580873,0.3977777777777778,-0.999768255226439,4.463574281364343,4.72342824935913
4.143938606445423,0.0394425626779443,2.6369083891506198,-0.7445126493864023,2674.6592327808858,0.6127570833333333,0.2670163836048492,4.419492872416964,0.2476805497372393,0.1139806205832187,-0.8693492094499256,0.5627111275103323,346.351694425527,0.3902778611111112,-1.0205877002538697,4.467773004213197,4.72342824935913
4.143951115457181,0.0394393003724656,2.635779160162461,-0.7442915472033889,2678.08240278678,0.6135169722222223,0.266890848734953,4.418422719332133,0.245956992899094,0.1140527965385662,-0.8643388763944793,0.5729753904077627,345.2675578078378,0.39722225,-1.0045675595579993,4.457084349580696,4.72342824935913
4.143860595813696,0.0394242795189669,2.628944418481398,-0.7408462218952256,2675.9942548541544,0.6130554722222222,0.2661661735437176,4.418838638623406,0.246979598995558,0.1137624028539412,-0.8727283399931176,0.5669561118317409,343.5955994262476,0.3919443888888889,-1.014516828592139,4.468649472587797,4.72342824935913
4.143926886494724,0.0394278655927057,2.6343696929902465,-0.7424677394732041,2679.82745789299,0.6139371388888888,0.2669140159417338,4.4182026749934495,0.2456332464292316,0.1141474555083903,-0.8313386258901865,0.5937697085361199,337.49923585710786,0.3830555833333333,-1.0345743506551337,4.457543341650181,4.72342824935913
4.143858140027976,0.0393761383802915,2.634069536950753,-0.7408307112763665,2679.8778511073115,0.6139859444444444,0.2666877698886178,4.419856685307464,0.246606339339202,0.1140777800756422,-0.8645501768107868,0.5701448646124634,346.65740457573685,0.3983334722222222,-1.0023831132981649,4.461412273376834,4.72342824935913
4.143730916804318,0.0393900510887062,2.628188950754988,-0.7378692090016257,2679.336097455692,0.6138553055555555,0.2667437488081927,4.420189234334561,0.2466109912714989,0.1136171633750654,-0.8651799357252181,0.5699715735034265,340.74004032476245,0.3866666666666666,-1.0291781276464462,4.465741980442188,4.72342824935913
4.143848691206315,0.0393942959150915,2.6326069451919256,-0.7410954860385592,2682.405370893478,0.6145604166666667,0.2662328649595832,4.420927673314211,0.2463999416303098,0.1138384116341072,-0.8629395567306402,0.5710902725095673,343.9522400894772,0.3936110277777777,-1.0113060175770952,4.461716623701282,4.72342824935913
4.143823787630601,0.0393742109048944,2.6293829192727234,-0.7386901447938359,2681.13855374198,0.6142242777777779,0.2662760881200653,4.421390192957136,0.2466106621060633,0.1142794554339634,-0.8715476917627987,0.5741350444351636,343.96818381158965,0.3919444722222222,-1.012019801533219,4.46090175672499,4.72342824935913
4.143691008321008,0.0393065552377904,2.6300421213267287,-0.7368598578821974,2688.0884327073577,0.6158333055555556,0.2644537708186061,4.421494974369212,0.2458102538417271,0.1147216065711012,-0.8690066546981159,0.5740662426707096,345.463638905786,0.3961111944444445,-1.0025459621606732,4.459962256415438,4.72342824935913
4.143768106126613,0.0392993491934189,2.633269091793723,-0.7370965898187268,2684.993157801056,0.6151645277777777,0.2655605928973324,4.4224633320348135,0.2459632419672879,0.1139762537600551,-0.8639381447688015,0.5717687478893198,343.0199407418821,0.3891667222222222,-1.0259328361386593,4.458809186667922,4.72342824935913
4.143733751134541,0.0393419803485768,2.6308319354275405,-0.7353935820894232,2688.9405049288275,0.61604875,0.2657947804728858,4.420543129777799,0.2456759960110484,0.1135991915458366,-0.8651784004505223,0.5709448316663539,343.067249839636,0.3955555,-1.0024352444362827,4.465469616808106,4.72342824935913
4.143840345048431,0.0393252330388887,2.631502448341654,-0.7382555664739402,2682.742433009482,0.6145908888888889,0.2662196647850108,4.420626194349025,0.2451429180260234,0.113439766441684,-0.8590656815378592,0.5775461190137249,339.0464344377063,0.3866666111111111,-1.0215339401886343,4.456394909444507,4.72342824935913
4.143981829792464,0.0392886944043075,2.6319115972106304,-0.7391042923157071,2671.269416376066,0.6119795555555556,0.2668398196291819,4.418937629488877,0.2460665705169828,0.1142818419525611,-0.8614762258995827,0.5732223508372448,347.7067657074351,0.3958332777777777,-1.0018246701544116,4.450067249240849,4.72342824935913
4.143804664211369,0.0390977643950571,2.64688434157734,-0.7326720023200719,2655.52649623599,0.6083320833333333,0.2685440042354592,4.4215611822759096,0.2468549321478048,0.1139411523194625,-0.8659501686402296,0.5694165221457044,350.48160218659643,0.3980555833333334,-0.9903466122711982,4.463632499279315,4.72342824935913
4.1440993738588325,0.0393069117316661,2.6333926535364585,-0.7420306974970932,2652.8245756500246,0.6077777777777778,0.2677509510103048,4.419390453574281,0.2470170769125416,0.1133468095321299,-0.8605770349933137,0.5654512073985916,349.63912115278583,0.39916675,-0.9940411243503096,4.465990524681596,4.72342824935913
4.144225734306025,0.0392580933426784,2.6332566079549053,-0.7437177500258227,2650.067592162371,0.6071588611111112,0.2690629158640188,4.417744715025818,0.2464373935101383,0.1143124766252278,-0.8702995420650379,0.5712740358081979,352.39131426247843,0.4024999722222223,-0.982790216601922,4.45520490163082,4.72342824935913
4.144183861180997,0.0392912588717563,2.6267496918398425,-0.738933364406737,2655.2400084932806,0.6083175000000001,0.2685504421017518,4.418694668203717,0.245823833244406,0.1140964561160625,-0.8580254051715275,0.5733025122344754,350.51361927692585,0.4013889166666666,-0.9923240855967896,4.456063876197353,4.72342824935913
4.143976223523214,0.039096671139726,2.64682347483502,-0.7453840438610739,2653.088114620924,0.6078118333333332,0.2689817579127251,4.414596196562422,0.2460910652615976,0.1139121802594004,-0.8740043076731072,0.5702116657950264,348.8250223437525,0.3969443888888889,-1.005009668546296,4.462438675586983,4.72342824935913
4.1442421029647045,0.0392555729838198,2.6309850715591945,-0.7424051754527644,2651.6528061165336,0.6074999444444444,0.2674581827243262,4.416772128930287,0.2455908903907746,0.1138003190316913,-0.8614846169593751,0.5738493633289786,353.85155594413953,0.4036111388888889,-0.9884238588383316,4.4582666905096255,4.72342824935913
4.144080555635135,0.0392516606021922,2.6243975365796715,-0.7375282252398766,2651.5768710197926,0.6075,0.2680813824688947,4.419316942661498,0.2454021322082944,0.1138448906796358,-0.8393954541916289,0.5855929866680993,349.96985102337896,0.3994445277777778,-0.9996779115233336,4.456260697447839,4.72342824935913
4.144260931930333,0.0392467401718621,2.63078599400174,-0.7401672024435677,2650.4741387668137,0.6072349444444445,0.2686138012952677,4.419226995377571,0.2465570959480519,0.1144967948523047,-0.8724198912235983,0.5712481510220863,353.02036657083966,0.4036111666666666,-0.982799016529897,4.457737886511139,4.72342824935913
4.144057469540701,0.0392960600104627,2.61178525251821,-0.7301850302494022,2643.5314268874645,0.6053662777777777,0.2686088111034436,4.42537588863941,0.2456464250245303,0.1140906687951542,-0.8617843583798748,0.5719015642788566,352.2675029775746,0.4058331944444444,-0.9805872567528208,4.459302298872553,4.72342824935913
4.144096500374043,0.039248483759491,2.622875675740432,-0.7355130319384704,2650.006241209173,0.606920111111111,0.2692724677864499,4.418063367394746,0.2449434500590943,0.1130802304276722,-0.8490077048233973,0.5763318110624311,348.1315147647951,0.4000000555555556,-0.994341421605143,4.462536974750636,4.72342824935913
4.143977762849351,0.0391910478435181,2.6263725628112926,-0.7335964141040344,2650.3658409897807,0.6072221944444445,0.2675805209901724,4.421086147472559,0.2455107185451403,0.1140968911161266,-0.8510930760957112,0.5801246053006178,349.6840600080077,0.4000000000000001,-0.995414704084396,4.450145053530331,4.72342824935913
4.1441332353963976,0.0392266951288956,2.625981180632973,-0.7364621397896681,2651.783458095455,0.6075328333333333,0.2684820930773448,4.420838943430363,0.2462955753231405,0.1140106969110475,-0.8632296856651873,0.5701497672348497,355.29569480625014,0.4111111666666666,-0.969804225172425,4.457497659500529,4.72342824935913
4.144112403089588,0.0392163674652191,2.623604686629716,-0.7374850572110763,2649.2817605362898,0.6069443611111112,0.2673911106074572,4.420124486070404,0.2455600920963931,0.1137096026275093,-0.8637535853831837,0.571814439564998,352.50083654622324,0.4022222777777777,-0.9870807887402392,4.450032271806698,4.72342824935913
4.144157291166637,0.0392279180510235,2.6236938748130822,-0.7353046459226509,2651.596382254982,0.6075101111111111,0.2679733133119753,4.420886704996109,0.2453295943052711,0.114559674170072,-0.8515325255202155,0.5851653877585292,352.64761429927944,0.4052779166666667,-0.9836071827260052,4.457418159208483,4.72342824935913
4.144154961526829,0.0392176586674392,2.6230971099530582,-0.7347533532035422,2656.0883685149674,0.6085115,0.2680502943765943,4.419628230382546,0.245798035527454,0.1133970810753506,-0.8719086761404276,0.5684022098272065,348.79121591771025,0.3983333611111112,-0.9940374401441142,4.46346782585282,4.72342824935913
4.144122154882664,0.0392203287493895,2.622676300079321,-0.735569476827528,2651.1910812650685,0.6073960277777778,0.268749817665964,4.418087481994202,0.2451946859929099,0.1140037056724636,-0.8598713580587987,0.5748818541402867,349.7529856191382,0.4000000555555555,-0.992014344837608,4.457786242973871,4.72342824935913
4.145111853112471,0.0391015060482125,2.606284188662,-0.7409821739967781,2595.844933290244,0.5947221111111112,0.2703406613161904,4.4186279321427655,0.2464192557836441,0.113922741700002,-0.8602717786322827,0.5720403922505052,356.9846502784498,0.4049999166666666,-0.9859159961762942,4.46527116111271,4.62849187850952
4.145471590264148,0.038917838582433,2.6082871472394045,-0.742182641292014,2591.571565122795,0.5937008611111111,0.2701679761982132,4.418454745979155,0.2464018991785724,0.1134348571371783,-0.8669545303497896,0.5676470207950347,357.4020660031881,0.4091666944444445,-0.9672550173096874,4.450133210554695,4.62849187850952
4.145322767271898,0.0389123582225276,2.615259911804237,-0.7433225685017393,2604.399052623701,0.5963887777777778,0.2688447931667585,4.415738312789608,0.2475176795520695,0.114083572819539,-0.8773154547657462,0.5606347795147386,356.5305754198104,0.4047221666666666,-0.9865169424592412,4.473418691900906,4.62849187850952
4.145318377212488,0.0388705054549227,2.6142100132205424,-0.7430362357466843,2600.165748011208,0.5955556111111111,0.2681616276780307,4.418829341925514,0.2463882258469507,0.1136382553860303,-0.872257578148429,0.5680270441556389,354.54193693715365,0.4055556111111111,-0.9783478945579108,4.464989658106704,4.62849187850952
4.145349988519256,0.0388531073544166,2.613611150292892,-0.7425113101517661,2598.409816805172,0.5952777499999999,0.2696645758395123,4.416387317276515,0.2464455914796645,0.1143857240412369,-0.8681316110881965,0.5710523298353439,358.0454499448742,0.408333361111111,-0.9763014260618872,4.459457841350692,4.62849187850952
4.145389907218652,0.0388301106340613,2.610653221618556,-0.7414515300712237,2595.970945572233,0.5944444444444444,0.2692998012649679,4.416253191880319,0.2472941687854349,0.1137495780301302,-0.879500753881377,0.5489107447454903,354.8392655977797,0.4033333888888888,-0.983721005488856,4.467928959766541,4.62849187850952
4.145344155573055,0.0388674705433442,2.595363065977688,-0.734825830885368,2596.3621307815074,0.5947222777777778,0.2694923010159154,4.419638128558809,0.2479606823671316,0.1142675343711799,-0.865894827688801,0.5661197203039718,359.6718534512825,0.4097221388888888,-0.9703178399203024,4.47544930981027,4.62849187850952
4.145160408731385,0.0391538338701334,2.6301105456259264,-0.7469620013941742,2599.479190065813,0.5955555,0.2711281210894407,4.415271370846456,0.2462479115308573,0.1140167308647248,-0.8586455337264702,0.5742164027535385,361.2259837057538,0.4111111666666666,-0.9692356875532666,4.460566118741202,4.60258293151855
4.145344252277304,0.0390850034359646,2.635915423262024,-0.7583466497291369,2616.848872987127,0.5995267777777779,0.2697529060763937,4.412942063674618,0.2464622443901978,0.1143673235749661,-0.8608446121837847,0.5723119960564795,359.73495019244365,0.4080556666666667,-0.9780171307289712,4.464530734677759,4.60258293151855
4.145120904072007,0.0390891374458196,2.6205719673941075,-0.7479175634524334,2597.6360270918844,0.5950930555555556,0.2718684608578008,4.414396382527668,0.2473513860594142,0.1138647881723844,-0.8653151472134453,0.5674915651628398,360.3571796871099,0.4116666944444443,-0.9703607522204504,4.468254886156495,4.60258293151855
4.145134897232055,0.03909233686558,2.619187370642086,-0.7456614783497307,2604.737237858868,0.5967695833333333,0.2706820031310776,4.417238091448182,0.2470903942375772,0.1139477112091471,-0.8664141495456437,0.5689024097425547,356.2193150781743,0.4033332777777778,-0.9883814490390632,4.468719293569039,4.60258293151855
4.145077979731005,0.0390341805974452,2.617421703503446,-0.7437235958527199,2605.1999218439105,0.5968408055555556,0.2704387831933774,4.417403403330257,0.2466072696092484,0.1144583271989145,-0.859279487304101,0.5757980596663467,357.46638885017785,0.4086111666666666,-0.9751130709618748,4.46697269668255,4.60258293151855
4.145110668610173,0.039035563577084,2.6142841913636574,-0.7398187945394398,2605.9200266057014,0.5966668055555556,0.2708341191844661,4.415172351813144,0.2484659896587974,0.1140272531340815,-0.869046577574097,0.5679269858300018,356.4448846264299,0.4,-0.9971502423286438,4.464151439123096,4.60258293151855
4.145054969263699,0.0389866869037211,2.614023652663252,-0.7416501999710468,2603.9270693830013,0.5963868888888889,0.2700097797438122,4.419257961596365,0.2465605631325606,0.1145140583347199,-0.8594064278128797,0.5762542291832748,357.0041301657487,0.4066666666666667,-0.98001594792624,4.465623174398254,4.60258293151855
4.1451768768665405,0.0389971938377202,2.6153832547519613,-0.7415114125464359,2604.888080148173,0.5967118333333333,0.270602717592298,4.416322302568589,0.2469516329675704,0.1138990290536614,-0.8758269173853241,0.5631217496175903,356.1912244758744,0.4050001388888889,-0.9846137012499034,4.465368330215694,4.60258293151855
4.145122435992682,0.0389495531882052,2.615862018805668,-0.7408788101148811,2604.4642517444613,0.5964613055555557,0.2703981985558918,4.417394407298635,0.2459407050623334,0.1136339832405918,-0.8613216125970431,0.5698925746788308,356.71622967142685,0.4099999444444444,-0.961471969929676,4.458776462197464,4.60258293151855
4.145029790810685,0.0389100824073523,2.612707798907737,-0.7416805014699047,2599.7092041620253,0.5952777777777778,0.2701940460845904,4.416106272907042,0.2450244752289766,0.114214572419053,-0.852721772002909,0.5815358899915589,357.2568691920314,0.4074999722222222,-0.968629023255577,4.459309167293902,4.60258293151855
4.145101365989912,0.0389236683595594,2.618988882664704,-0.7408865940242526,2607.966031580257,0.5975001111111111,0.2688730609750435,4.4185516294698335,0.2471950406430067,0.1142712875153217,-0.8707239403502478,0.5702980737869662,355.2144199724559,0.4025000277777778,-0.9877215134710128,4.471576976450592,4.60258293151855
4.144991603582652,0.0388717242780167,2.6130240774570943,-0.7401574027551537,2599.936848518658,0.5952777777777778,0.2694530905377792,4.417942292541031,0.2472366881410169,0.1144044106700633,-0.8679538437412271,0.5710375617290466,356.4225794206512,0.40277775,-0.9871422013804744,4.4648104079654045,4.60258293151855
4.14510444064473,0.0388850588126828,2.615397974108314,-0.7389096106101256,2606.9315443711284,0.5968820555555555,0.2701029380297516,4.418318134186257,0.2468499850505409,0.1132329679304024,-0.8660201372695635,0.5657755978985728,353.4701044926274,0.4041666666666667,-0.979980420820492,4.461302019018833,4.60258293151855
4.145041867598316,0.0388698989303134,2.6100374229723933,-0.7343963914848954,2605.4684172537327,0.5966667222222222,0.2691423176195213,4.418697984447629,0.2460898600336982,0.1139492653746317,-0.8603438265213987,0.5735060984022842,355.9471939330611,0.4024998611111111,-0.9801597934239928,4.456087524267906,4.60258293151855
4.145123558559453,0.0388688541868283,2.6117312494848792,-0.7386393253688586,2604.2946377708918,0.5963888333333334,0.2686336893724708,4.417413006708772,0.2469573408542025,0.1143275134075886,-0.8762574960932596,0.5663396874986991,358.5163694746796,0.4069444444444444,-0.98153020334732,4.462462114401598,4.60258293151855
4.145087669971986,0.0388602537611637,2.6131693024903027,-0.7376935944657003,2606.842844580937,0.5970315277777778,0.270140741089484,4.417693711775957,0.2465745985163851,0.1139447716168474,-0.8538130661980734,0.5741252737125091,357.6007251098335,0.4108333055555556,-0.9727685608694092,4.459501979751724,4.60258293151855
4.145241059286365,0.0387990076296544,2.609813659233101,-0.7371128082853162,2597.040131480694,0.5947221666666667,0.2701281639973873,4.41736769044976,0.248572451993823,0.1145206650611407,-0.8927364375933333,0.5472152769199375,359.7101082051345,0.40861125,-0.9765751040076768,4.466794954150791,4.60258293151855
4.145258374574806,0.0387808198523403,2.608759454089743,-0.7384438819563197,2596.540547457934,0.5947222222222223,0.2693864910583638,4.418606398039326,0.2474527922151125,0.1137981041746502,-0.8761196317950195,0.561189307728253,356.0178021723796,0.4058333611111112,-0.9821302715455412,4.4623199214891,4.60258293151855
4.145250650193165,0.0387913805182292,2.6062328701185904,-0.7348238914033132,2597.579272161388,0.5950000277777777,0.2697904444811264,4.417131531177386,0.2473734818486971,0.1148491059692523,-0.8723859925728168,0.568378802477899,357.6858542834629,0.40277775,-0.9899727644960916,4.462017969279991,4.60258293151855
4.149521058124881,0.0375819552867317,2.587891478213286,-0.7568183105236108,2405.0521194997727,0.5508333055555542,0.277453449522964,4.405716621647181,0.2478483582507218,0.1150451329656968,-0.8973548396231057,0.5527292758976832,381.6766520901542,0.4299998888888836,-0.9280132145302376,4.472230659753787,4.56990385055542
4.149603514020761,0.0371544064870145,2.588051737585434,-0.7510293782484474,2372.0829115566435,0.543286666666649,0.2782882227571292,4.409593966614807,0.2480018892666423,0.1145300120195468,-0.8964296241597776,0.5482368952377936,390.88282917610576,0.4405555277777603,-0.9048708851717152,4.478136840092018,4.56990385055542
4.150265455245972,0.0371957426220675,2.559211944535747,-0.7482260277807815,2349.8366897943806,0.5380555833333185,0.2794694928554341,4.405357480206435,0.2485284035276753,0.1147762583089846,-0.8990872857316798,0.5497884208730591,392.5088320594476,0.4447221944444269,-0.89256918696459,4.474589930253458,4.56990385055542
4.148927791582048,0.037659711068537,2.560730669358104,-0.7451419828063769,2413.9765903033685,0.552777861111099,0.2759063726489256,4.409606799915819,0.2482454736071157,0.1149386186263201,-0.8919110298985093,0.5560643014191038,382.0955062904943,0.4319444999999703,-0.9229204222778262,4.472109999433275,4.56990385055542
4.150749693562587,0.0369964973320379,2.551150592586233,-0.7458317337711194,2327.3671814891327,0.5328645833333333,0.2802984815412411,4.406609208419088,0.250293719372697,0.1140613836816248,-0.9168880223283572,0.5214201584880434,391.5287400301585,0.4383333611111286,-0.9031889380724052,4.485296547354569,4.56990385055542
4.151613591954033,0.0366265316935113,2.5342169771732403,-0.7431763457082087,2267.0349563776026,0.5191666666666667,0.2827122353053208,4.403051449062384,0.2492573755384242,0.1150638592104736,-0.917679358839596,0.5366670670698452,398.0022240987952,0.4469445277777655,-0.8929806460751112,4.481019049521132,4.56990385055542
4.143449119733875,0.0403266287537722,2.4812615420671147,-0.6799920268597177,2729.757291975785,0.6252778055555556,0.2639093370776909,4.427333684883022,0.2466040707484837,0.1141365266270881,-0.8638390664660509,0.5713157697461833,357.1038200278152,0.4044443888888889,-0.9848293983240016,4.480257487566253,4.53639554977417
4.143451784983971,0.0403329098131804,2.483327356251713,-0.6807046898690249,2733.001645273161,0.6260247222222223,0.2642571349162718,4.427858479628514,0.2467988682969129,0.1139339307653965,-0.8677373441540919,0.5687307401607471,354.8523210868694,0.4002777222222222,-0.9973551210543276,4.48339369206854,4.53639554977417
4.143417410628494,0.0403326638435329,2.4831148347890024,-0.6807153957821035,2733.3617313726427,0.6261112777777778,0.2637491818808617,4.426957424072398,0.2463060549770792,0.1140815837448255,-0.8661060456057874,0.5709911968116349,355.68160628676594,0.4011107222222222,-0.9954411353192896,4.47984348223757,4.53639554977417
4.143374209501306,0.040321208404977,2.4827913707965013,-0.6804884988824074,2732.1572896314624,0.6258330555555555,0.2637833853047022,4.427403526461174,0.2462613813263686,0.1141089654690568,-0.8662610187916222,0.5708235916115916,355.4664532156245,0.4025000000000001,-0.9910383209678706,4.480713578020481,4.53639554977417
4.143344389408589,0.040328734186068,2.4818250736676304,-0.6804258633684482,2732.140547993756,0.6258331666666667,0.2643265901117206,4.427219063425111,0.2465597836660824,0.1141010163003433,-0.8679056972826666,0.5693978691475753,355.1540752919119,0.4005554444444444,-0.9933099942626692,4.478488261415008,4.53639554977417
4.143300640434821,0.0403065794845016,2.482516276284404,-0.6805956075386298,2729.7193538710594,0.6252780277777777,0.2640671015294369,4.427615565964338,0.2463105006327383,0.1138499826024702,-0.8632251416631083,0.5725663793649619,354.0957297312495,0.3997221944444445,-0.9964963382380404,4.480670008492075,4.53639554977417
4.143327702867224,0.0403482217987574,2.481723425250114,-0.6798488352665039,2734.5466505784034,0.6263891666666666,0.2639062222881624,4.428392043300743,0.2480536273369319,0.1148020774353883,-0.9052790040741724,0.5502584763132372,355.9629017890327,0.3988891666666667,-1.0016210603675424,4.486818034988359,4.53639554977417
4.1432793475869385,0.0403289709736707,2.4811303600419525,-0.6801222937653687,2730.935162257624,0.6255555833333333,0.2638630385644335,4.428760608754128,0.2465647677288948,0.1138746849440966,-0.8648931124778789,0.5694750454143311,352.8382545758959,0.3980559444444443,-0.9980826345813112,4.483033289173216,4.53639554977417
4.1433471696152,0.0402844594959242,2.4893268658951584,-0.6828095684866867,2737.025863426733,0.6269453611111111,0.2639664393467307,4.427633855975073,0.2465604239073387,0.1140579047075504,-0.8653371808373125,0.5706561852263936,354.1620653130233,0.3997223055555555,-0.9985681651300444,4.481737831160662,4.53639554977417
4.1431838857366685,0.0403615832787785,2.4701946921320603,-0.6736834145742044,2734.550056340456,0.6263885833333334,0.2639902053525025,4.42798706626743,0.2468816256741198,0.114090336398163,-0.8670734889480749,0.5688227431554026,355.27898835520006,0.4008334722222222,-0.9974477768110244,4.483243761458247,4.53639554977417
4.143278486451536,0.040328147439671,2.4833187812546678,-0.6802191303613833,2732.1665257512573,0.625833361111111,0.2642114575345923,4.427896977063964,0.2465476030003243,0.1140107821010299,-0.8681956450341746,0.5683576649042129,354.15449042715056,0.4005557777777778,-0.99342774652238,4.481374852263864,4.53639554977417
4.143258938666667,0.0403191562725338,2.483132810715683,-0.6806747553853344,2732.150498710728,0.625833361111111,0.2639645943137098,4.427736557080726,0.246555867377601,0.1138837859518426,-0.8679703809471109,0.5684231456814925,353.96072692434524,0.3988888611111111,-0.9982208946926988,4.484218700069924,4.53639554977417
4.143294572724471,0.0403084762656649,2.4839497525291,-0.6806065617501633,2733.358888635683,0.6261113055555555,0.2638337061463142,4.428321456698791,0.2463584725629418,0.113887579714279,-0.8646565337292507,0.570222467477481,353.2803326168932,0.3988891666666667,-0.9990451889119064,4.482984160109764,4.53639554977417
4.1433101015310765,0.0403182937047863,2.484434265056712,-0.680345629701575,2734.5514681564337,0.6263813611111112,0.2642353288854977,4.428608744424024,0.246255498558345,0.113969803615162,-0.8637940902047072,0.5718764361480978,354.8682352840062,0.4002777499999999,-0.9937951217878837,4.4799016262384335,4.53639554977417
4.143238475317437,0.0403253689259951,2.482984033779647,-0.6799916706944429,2733.3899056521896,0.626111388888889,0.2639555246606102,4.428804745756338,0.2464972325966467,0.114054911910463,-0.8672693798847582,0.5692774388206682,355.0720070059341,0.4013889444444444,-0.9950442405384542,4.479254287308877,4.53639554977417
4.143299700520563,0.0403298039840911,2.484000746320965,-0.6804874811170728,2733.772879812289,0.6262063055555556,0.2643305168486294,4.428447501484304,0.246119537928866,0.1141702580371621,-0.8627072941649825,0.5730944325424165,355.4154231460243,0.4022220277777777,-0.9926739589455807,4.478098478197341,4.53639554977417
4.1432276674104624,0.0403043560100909,2.4831574395474205,-0.6805374106877679,2729.746080904293,0.6252775555555555,0.2641191578119855,4.428374413826494,0.2471421070510887,0.1141528628115021,-0.8646386024288537,0.5674820814891035,355.59393265791425,0.4005557777777777,-0.9961457416170584,4.48465245180141,4.53639554977417
4.14321021161325,0.0403256353203401,2.480975561206888,-0.6794010951377089,2729.714373604679,0.6252776111111111,0.2642853813027289,4.429526868765152,0.2457102017333874,0.1142765822432147,-0.8562351205367036,0.5778364507721988,351.66900753561146,0.39861125,-1.000721461072614,4.476794338634899,4.53639554977417
4.143443196906639,0.0402952001355567,2.492080767100997,-0.6879336022379621,2743.8889230986124,0.6285178888888889,0.2633060053867546,4.4264559574079385,0.2462177078932274,0.1142028350264308,-0.8665536832125769,0.571053752039696,353.26865072770784,0.3986111944444443,-1.0006121627027602,4.481959917582102,4.53639554977417
4.14318655822294,0.0402510939887979,2.489246316423524,-0.6779928796605188,2734.346220788098,0.6263324166666666,0.2641874589492349,4.430367304086675,0.2466308126241632,0.1140849383894999,-0.8645691403003624,0.5710458558983478,354.96578894432486,0.4005556111111111,-0.9972563523923368,4.479894530599586,4.53639554977417
4.143201172483998,0.0403717575785863,2.479648485087077,-0.6792976608809145,2733.366709670544,0.6261111388888889,0.2640097026251983,4.429884007821853,0.2469974639175085,0.1144104743620346,-0.8683382896547047,0.5701273534888296,355.6321209050936,0.4008335555555556,-0.9965620692030022,4.481795716125236,4.53639554977417
4.143258609052772,0.0403526153886248,2.4816596434075646,-0.6798154671856769,2732.8232754262444,0.6259918333333333,0.2642192209979946,4.428786228195695,0.2466399727469525,0.1142950796483851,-0.8689507122284641,0.5697131040137488,355.4699788044405,0.4011108611111111,-0.9954918157948304,4.480062721628428,4.53639554977417
4.143266038124605,0.0403117550776338,2.484909139800302,-0.681706485006901,2732.135554427051,0.6258336944444444,0.2638783564080859,4.428397948675251,0.2463134515082388,0.1141655930268915,-0.8675210035910177,0.5695759938012632,355.201311587555,0.4016664444444445,-0.9948359919312668,4.480482547239166,4.53639554977417
4.143301700752749,0.0403100520235511,2.485944847360095,-0.6812245452281127,2733.3745352240085,0.6261108333333333,0.2637463227596388,4.428888189907029,0.2463069802400297,0.1140325320194566,-0.8649967765841247,0.5706381347241373,354.04452215878257,0.4000000833333333,-0.9995591234438208,4.478682315366329,4.53639554977417
4.143575042925832,0.0402405579838945,2.483614355877385,-0.6808658657191551,2711.582650882864,0.6211108055555555,0.2659032966249516,4.427763259128311,0.2469210008640292,0.1139501528245782,-0.8668598888779715,0.5689055296903986,361.11450822009033,0.40611125,-0.9834211967086448,4.483276310478225,4.54667472839355
4.143569375787463,0.0402668420623786,2.4838992395886432,-0.6815632688359654,2715.225069904852,0.6219446111111111,0.2656211839761946,4.4273009493612685,0.2471390628274517,0.1140376872826112,-0.8681190772082772,0.5687333723811765,359.0062585209709,0.40472225,-0.9867839293052536,4.482899015094838,4.54667472839355
4.143521337611244,0.0402582439140376,2.4861481318462446,-0.6820231877058179,2717.674984217787,0.6224998611111111,0.2652685918119173,4.427115580243481,0.2464533389741202,0.1140536366242404,-0.8668660251238074,0.5703728701267486,359.3874576442957,0.4047220277777778,-0.9876139681303676,4.480062050280875,4.54667472839355
4.143493082735061,0.0402731031566936,2.4845685212233226,-0.6818224537731338,2716.4589903066635,0.6222221944444445,0.2655524985471783,4.42718646842324,0.2466085343765492,0.1142608774596872,-0.8632517143509779,0.5719854674443907,359.6086374608185,0.4049999722222223,-0.9839454673766828,4.4823086517554245,4.54667472839355
4.143491465953925,0.0402713618105961,2.485220111235729,-0.6819963677221675,2717.699940939284,0.6224998333333334,0.2652831577187535,4.428185222584747,0.2464095774725428,0.1139698552173374,-0.8632563557860342,0.5722173228562826,358.28268629444426,0.4044446666666666,-0.986965074446626,4.480592508650121,4.54667472839355
4.143500517055598,0.04029430446515,2.485014464843891,-0.6818888465143897,2717.967036023903,0.62256325,0.2657310088639996,4.427471710822949,0.2465358120082253,0.1140069502508582,-0.8596427998144618,0.5714525661750929,359.95932413066816,0.4066665555555556,-0.9831677755016142,4.481580140409418,4.54667472839355
4.1434642622026345,0.0402847532731799,2.4843077965056106,-0.6821004965476724,2717.6656981278416,0.6225001944444445,0.2653167079705469,4.42745976037325,0.246047202136543,0.1136831520813673,-0.8587390270312785,0.5743638091680108,355.99533782324454,0.4025001944444444,-0.9892948144246928,4.4788889251416695,4.54667472839355
4.143472340819675,0.0401953337523823,2.4966559270455577,-0.6870356458622418,2724.9859617919446,0.6241665833333334,0.2646213574117403,4.426088715642397,0.2464176376992029,0.1141903890711668,-0.8629665792894055,0.5729665900643458,358.89513536211587,0.4061112222222222,-0.984182757948937,4.481924304295908,4.54667472839355
4.143358884435711,0.0403625808036348,2.474025185965444,-0.67863884323677,2720.096415593147,0.6230555833333332,0.2653618437872022,4.428246895256637,0.246093194626646,0.1137939767762856,-0.8655456589529127,0.5706558539568674,357.7756264396529,0.4047221666666666,-0.9836052265258656,4.482073855624829,4.54667472839355
4.143497548566158,0.0403233121789499,2.484209919663646,-0.6813055152383912,2721.807017301893,0.623440388888889,0.2651758741397811,4.427852893520853,0.2465469654329454,0.1142671302060642,-0.8658874228813018,0.571274042987517,359.4273746413213,0.4055555833333334,-0.984141440786917,4.481834992256165,4.54667472839355
4.143534419263414,0.0402786354073764,2.489972813986131,-0.6846770664111625,2717.7857465631487,0.6225254444444445,0.2656230590415301,4.426986632386965,0.246744145554575,0.1141225339436392,-0.8652470290048049,0.5706907434855412,358.77736873243305,0.4052778888888889,-0.9859330868833376,4.482357494433024,4.54667472839355
4.143507784429874,0.0403256477859605,2.48373003406793,-0.6815833908888962,2721.563878978633,0.6234015555555554,0.2653461366791755,4.427668947334086,0.2464808412050166,0.1139641299436374,-0.8682389108736253,0.5698452521309916,357.7914744715113,0.4036111388888888,-0.9878815837757114,4.482212100155307,4.54667472839355
4.143454678187241,0.0402954681908644,2.484551843622439,-0.6821851711363311,2718.884240119648,0.6227779166666666,0.2650567449634057,4.427658068028978,0.2459640259343193,0.1141477106472497,-0.8631868930966924,0.5723876081830209,358.8618930548541,0.4058329999999999,-0.9844751153272112,4.478215407558221,4.54667472839355
4.143453839948759,0.0403039294720097,2.4839398734290565,-0.6822391511254858,2718.890551200056,0.6227780277777778,0.2651623589609279,4.427558344733122,0.2462157017508653,0.1140339486881373,-0.8578213472000278,0.5780696347949354,360.02115625986823,0.4061108611111111,-0.983894148795296,4.481577771982419,4.54667472839355
4.143419007548895,0.0403002491990372,2.4830917483757124,-0.6821367912630927,2718.862921635437,0.6227778333333334,0.2652267573362232,4.427023951869095,0.2460307155257265,0.1138832166013754,-0.8585891467428124,0.5750031343786701,356.354901804971,0.4030556944444444,-0.990761122848695,4.478038196869194,4.54667472839355
4.143527459038628,0.0402339285336125,2.4939058817710444,-0.6896988029681206,2727.404692389059,0.6247220277777779,0.2642616663657208,4.425090709621309,0.2462963176877106,0.1140900544609668,-0.8617498701596698,0.5729226757566974,358.27594879008456,0.4052777222222222,-0.9810859549927252,4.481076139932555,4.54667472839355
4.143417682375954,0.0403298296135228,2.4757181647161737,-0.6765680001811288,2721.3986592552183,0.6233553055555555,0.2651562271340554,4.428862483380708,0.2467474478396995,0.1139649955818746,-0.8651065615943132,0.5702611001036965,358.8823425413236,0.4055555833333332,-0.9840870066446792,4.481576993737202,4.54667472839355
4.143494435096499,0.0403057117413424,2.4854256868216886,-0.682102477167971,2718.7849087343693,0.6227558055555555,0.2654949416133574,4.427889669139268,0.2466236322933357,0.1140247540166324,-0.8650437735037948,0.5709358705766204,359.05147900204656,0.4047225555555555,-0.9876623480031382,4.483477405960754,4.54667472839355
4.143490303221446,0.0402949542820832,2.4870931008076465,-0.6836525615256617,2720.0808178721427,0.6230554166666666,0.2652210957770098,4.427252617002394,0.2462546057548204,0.1140259461101106,-0.8637113028296435,0.5713006316529005,358.25564230442865,0.40500025,-0.9854007822392248,4.480594284741348,4.54667472839355
4.1434264771916,0.0402943773186741,2.4849376084118378,-0.6828679876560199,2718.842222970199,0.6227781944444444,0.2653192485639628,4.427756633377316,0.2466345639638782,0.1139611270167263,-0.8662228864650241,0.5698152741206542,358.2708761114195,0.4047224444444444,-0.9848073107351905,4.481971791524882,4.54667472839355
4.143416107392119,0.0402790970067267,2.4859968210308945,-0.6823634613439514,2717.696823220682,0.6225001388888889,0.2650516945085169,4.428166356557121,0.2468757463244531,0.1141385761682852,-0.8651897762224885,0.5702679997130009,358.5674760428142,0.404166361111111,-0.9881370557545676,4.48305221368643,4.54667472839355
4.1434422325535465,0.04031939570464,2.483744084003746,-0.6821223342901375,2719.8970684461115,0.6230253888888889,0.2653425593288014,4.428638186519756,0.2460310901888097,0.1142132669676665,-0.8617612923889317,0.5750032842968631,360.75826405070393,0.4099998611111111,-0.9745982574222348,4.479321454236427,4.54667472839355
4.143475334823956,0.0403059345789076,2.485432777634972,-0.6824042516984767,2718.207732182217,0.6226219722222223,0.2654938052079047,4.4277715061542935,0.2468841611692926,0.1146334049556073,-0.8806791565314152,0.5676848511910183,359.62600159408674,0.4066668333333334,-0.9795932634236436,4.482275048415178,4.54667472839355
4.143671569561662,0.040330410070285,2.488883508194456,-0.6869473800997379,2729.7831665269377,0.6252778055555556,0.2639123874796408,4.425996754769093,0.2462215800574132,0.1139153020191987,-0.8624464777088474,0.5725039862435858,357.8621863200109,0.4044441944444444,-0.9888998317475942,4.478254239330584,4.54667472839355
4.143886507277521,0.0402336359069111,2.491328177522533,-0.6881549974704051,2709.207082400466,0.6205553888888891,0.2659929865255317,4.42313816001833,0.2462363081673781,0.1142564626333319,-0.8643869447234853,0.5734289876114215,365.22579267560286,0.4130552500000016,-0.9662249534669276,4.4807140148853,4.53537940979004
4.143718488968402,0.0403781559928558,2.4701708427700235,-0.6783839699954884,2705.553948999792,0.6197222500000014,0.2666021866179573,4.426542339846392,0.2463997176982119,0.1140764490241347,-0.867415855358542,0.5706587236796641,364.0857391374117,0.4105555555555555,-0.9723940826397948,4.482451130332744,4.53537940979004
4.143796541614951,0.0403114740956482,2.482111255653356,-0.682643364534332,2704.314763561297,0.619444277777778,0.266447780435694,4.425304436499215,0.2461773512451242,0.1140234346752045,-0.8640734081523931,0.5709835583606048,363.52144978673584,0.4111106944444448,-0.9705116126071928,4.480719864196512,4.53537940979004
4.143782381088503,0.04029016949174,2.4840943014586587,-0.6832434068380231,2705.0872792438304,0.619618527777784,0.266566010601001,4.425630365116517,0.2460354539071273,0.1138545020287969,-0.8634523626068376,0.5720517481646938,362.7211130016306,0.4113886944444433,-0.9682160998573792,4.480838671775293,4.53537940979004
4.143700239906174,0.0403146601036469,2.4811483114914483,-0.6820942732937553,2705.495378947772,0.6197219999999976,0.2664584094113448,4.425946976728696,0.2467526128036346,0.1143414568197719,-0.8641582976006168,0.5720259081445178,364.27429166953954,0.4119444166666653,-0.9692080455002134,4.480752069962801,4.53537940979004
4.143724525097719,0.0403193146656318,2.481204263418046,-0.6821441248205092,2704.2931916172265,0.6194443888888943,0.2664769843594455,4.425583338509945,0.2460980479228035,0.1139182180659264,-0.8637070905699371,0.5726052299357136,362.90662557118986,0.4108335833333371,-0.9700625732891854,4.480135019067555,4.53537940979004
4.143753974241168,0.0403296460443946,2.48150341522302,-0.6822451486901656,2704.6611630327743,0.6195290555555564,0.2666606944021265,4.426116116716066,0.2468839618247597,0.1138628200992515,-0.8720671755008418,0.5611634055821146,363.5667392917783,0.4091666388888875,-0.9770309544380884,4.485293412468483,4.53537940979004
4.143796215023206,0.0403336070488065,2.482336618019171,-0.682622510637278,2705.646250609316,0.6197483888889029,0.2665424697609759,4.42599110734061,0.2463602794169568,0.11400455504137,-0.8633703730421831,0.5715593326674111,362.5537001507019,0.4100002500000119,-0.9737346653328588,4.482773256318375,4.53537940979004
4.143607284154691,0.0402211405864999,2.489641657194269,-0.6813520582400825,2706.750717205621,0.6199997777777673,0.2662513518195992,4.427097289613237,0.2464457024053886,0.1137801325181328,-0.8638485999581369,0.571225145502612,361.63858988013385,0.4083337222222245,-0.973483643755473,4.483493281085486,4.53537940979004
4.1436221773770825,0.040320707097436,2.4807466563493548,-0.6825965961862286,2704.255452381044,0.6194444722222235,0.2662806541196748,4.4269173518889104,0.24652270075618,0.1140646212473545,-0.8659086018037505,0.5709048671131772,362.390593935584,0.4088887499999934,-0.9752922906558597,4.482036372067518,4.53537940979004
4.14365930399089,0.0403214588062863,2.480808693988797,-0.6827268880925937,2705.480224215412,0.6197223333333225,0.2665636789291551,4.425910386190971,0.2464907757380381,0.1140152649909438,-0.8652466810980437,0.5709980180360592,362.4423547076954,0.4091662777777755,-0.9712977473273332,4.482702411413562,4.53537940979004
4.143671460309622,0.0403357004184905,2.4803047390873467,-0.681381171649214,2706.9058858327708,0.6200501944444518,0.2665380837590025,4.426574515660081,0.2464905898384496,0.1140061266260591,-0.8650258215512809,0.5715060234229745,362.7479553380078,0.4099996944444461,-0.974676648517152,4.48183327807221,4.53537940979004
4.143609715832604,0.0403084826083467,2.480673824338545,-0.6815120512630678,2705.481284627111,0.6197219166666683,0.2662953245341529,4.425697753519965,0.246722393513334,0.1140786390771908,-0.863445395120408,0.5720039136048392,362.9843239885536,0.4097221388888849,-0.974502741475555,4.483423780715462,4.53537940979004
4.143627871749222,0.0403293027051694,2.4787803589937583,-0.6809792325884675,2704.709964125357,0.6195371944444358,0.2666779722695527,4.426777306100479,0.246028214002454,0.114229551968111,-0.8607337516031608,0.5754650252567161,363.63139735632353,0.4111109166666736,-0.9727751997001004,4.477144246474771,4.53537940979004
4.143665073377669,0.0402950812934444,2.4823499674392555,-0.6824631805136601,2703.0522431510103,0.6191664999999921,0.2663185661940415,4.427661640957185,0.247021708523514,0.1149972827651699,-0.8837859245991955,0.5667911862409222,363.2693373052792,0.4088886666666561,-0.9765181612144636,4.48121788359825,4.53537940979004
4.143769658139416,0.0402516814401307,2.4904503730613445,-0.6887208839442719,2711.6281005511187,0.6211108333333202,0.2658126941626421,4.424776068527345,0.2463594470705304,0.1139169992608392,-0.8616531517526163,0.5725614679639384,362.45071425224177,0.4097220833333105,-0.971463466063497,4.483416557226556,4.53537940979004
4.14358938547166,0.0403073558309388,2.475076547095822,-0.6788682398486726,2704.384479612875,0.6194444444444445,0.2665647156035419,4.427343889601737,0.2467308001706794,0.1141333037787414,-0.8635822529414896,0.5718410179560098,363.49773857801847,0.4099999444444418,-0.9737730982277968,4.480924312616813,4.53537940979004
4.1436466563715095,0.0403071466900677,2.482979487840096,-0.6825018358875325,2703.819629539302,0.6193207777777894,0.2666779985268407,4.427625380378142,0.2464323629696003,0.1139303235145276,-0.8642411801777419,0.5706767845584401,363.6522621222697,0.4119445277777656,-0.9703388332326052,4.481341052858183,4.53537940979004
4.143658045585865,0.0402981656964502,2.483493629779415,-0.6826058306601692,2705.5689268823558,0.6197225277777761,0.2664150940395718,4.426694196878213,0.2466307178686332,0.1142121266740071,-0.8643740983376715,0.5707909470267085,363.8443351821438,0.4105555833333508,-0.9716986387830616,4.482094321329843,4.53537940979004
4.143643412966028,0.0403103104748713,2.481881650593965,-0.6819852613821777,2705.2777604330518,0.6196705833333545,0.266582862221154,4.427319243984956,0.2468760241099071,0.1142572875500227,-0.86548224901804,0.5709597148625071,363.2561095726062,0.4094444722222073,-0.9757583311547922,4.482915826266046,4.53537940979004
4.143622724678484,0.0402970671908703,2.481145362657415,-0.6818029833782892,2703.1228967887387,0.6191668888888995,0.2664439296297222,4.427163087862003,0.2466991537641214,0.1140168063551125,-0.8657242078748912,0.5703433966035273,363.7990810792643,0.4105554444444391,-0.9731334234360012,4.482070275603043,4.53537940979004
4.14360936746469,0.0403168471773637,2.4800295217121664,-0.6816090907454269,2703.122829205191,0.6191667222222249,0.2666473149419001,4.427117187532438,0.2469105637061377,0.1138804098288912,-0.8645641049654516,0.5667521497302962,363.7022521538248,0.4097223888888968,-0.9746621155629492,4.482235303740676,4.53537940979004
4.14365049650294,0.0403098832829888,2.482533250567945,-0.6821452036552025,2704.36044257547,0.6194448611111147,0.2665529895784159,4.426945358603429,0.2464001693034253,0.1139854456847097,-0.8623910331935454,0.5734410059689651,362.0089560443279,0.4083337222222084,-0.9785028366339448,4.4807633660348944,4.53537940979004
4.143490047557334,0.0401648784327067,2.4948811709665706,-0.6810607547719941,2706.784051062155,0.6200002222222004,0.2662580827857232,4.428736128740271,0.2460275432303578,0.1140460759338963,-0.8582095997139221,0.5760018031941245,362.70275477487246,0.4105555277777603,-0.9718012495362296,4.480434822773777,4.53537940979004
4.143522301738951,0.0402352665879542,2.4690879655074607,-0.6733047482016611,2699.5830283674745,0.6183653888888896,0.2666450829660051,4.429481780722679,0.2458497869027923,0.1140718695226135,-0.8510700253108245,0.5801393700891966,365.29986141945,0.4144442500000008,-0.9625473268631732,4.479001648131385,4.52024793624878
4.143622457313794,0.0402591951630076,2.4723212587617,-0.6776347153569754,2706.6570858724053,0.6200001388888874,0.2658604979995898,4.427592150349182,0.2465127275715912,0.1142758638421643,-0.8605153243621833,0.5737432523328746,366.8118704256739,0.4138891111111095,-0.9657979626495272,4.480071093106131,4.52024793624878
4.1434806512545,0.0402390498684069,2.470770817166737,-0.6729111126329806,2700.3903172911496,0.6185556388888855,0.2667110810828683,4.429781679761234,0.246119094963759,0.1141030172175711,-0.858283665945685,0.5747981042046341,366.9743569091093,0.4155555000000014,-0.9620992866536764,4.479209078922093,4.52024793624878
4.143434385940607,0.0402616220292586,2.4717220901021912,-0.6751715872544309,2698.23143795752,0.6180555277777765,0.2666190620838278,4.428671398814122,0.2461734878143879,0.113978803447726,-0.8605717014688632,0.5739208108335786,366.57081429023606,0.4147224166666678,-0.9632805845032992,4.479224857583592,4.52024793624878
4.143500957994329,0.0402696869454719,2.4723293439988376,-0.6762121267992172,2699.4263985414154,0.6183330555555585,0.2667777856348575,4.428599917569692,0.2463133997683014,0.1139581149976588,-0.8620367716693149,0.5729081514651525,366.2332547235852,0.4147223055555514,-0.9594097133112784,4.479639903959346,4.52024793624878
4.143511375826359,0.0402539290338754,2.4745494616679604,-0.6767196558450679,2699.4768257426786,0.618333527777779,0.2665570287140175,4.428965826860957,0.2461295442404244,0.1141661372808793,-0.8588319003524383,0.5758490219818295,366.287226294404,0.4136109444444446,-0.9664074128139866,4.481050516690463,4.52024793624878
4.143451788827274,0.0402669055021999,2.471510175637303,-0.6759943632241234,2697.0290549443303,0.6177778055555568,0.2667968101742994,4.428987525522748,0.246676865867292,0.1141886745493279,-0.8617014030276877,0.5729216172085212,367.2201138983488,0.4155554722222263,-0.9611854992211176,4.481930521869675,4.52024793624878
4.143486669794775,0.0402880513336412,2.4716619832221034,-0.6758626379399016,2699.4452776655926,0.618333222222217,0.266832466467223,4.428858429904458,0.245902559636904,0.1142064406014629,-0.8578351341702675,0.5758336730256445,366.7420785066834,0.4150004166666703,-0.9624124323387342,4.476874486075851,4.52024793624878
4.143479385358839,0.0402795992577109,2.47256488014032,-0.6763609020170895,2698.2491342139183,0.6180555277777765,0.2668628598256487,4.428871575617349,0.2458373011959888,0.1138928511131492,-0.8563645571611849,0.5783978907462561,366.3545559260806,0.4149999722222209,-0.9631620399730844,4.478411584102002,4.52024793624878
4.14346665899066,0.0402738114327005,2.472595825754988,-0.6762953375159139,2697.6224860731245,0.6179153611111138,0.2669874444637621,4.428766043134415,0.2465105350565765,0.1143972916889592,-0.8722022286934612,0.5719201778853215,366.08231465652807,0.4138889722222262,-0.9631803072600776,4.481751056410259,4.52024793624878
4.1437105255639,0.0403215904534882,2.475881413966932,-0.679075439621662,2708.7553455625666,0.6204698333333363,0.2658959431487916,4.427987371775741,0.2456123098450642,0.1139261742007847,-0.8597370345105055,0.5747972488559369,365.57313053530254,0.4141665555555502,-0.9644202971808372,4.479264519591892,4.52024793624878
4.143424308401723,0.0402450105535503,2.474465403269216,-0.6748782550940545,2699.4425215282745,0.6183331388888959,0.2667661821990961,4.429292991679796,0.2462905440792671,0.1141539533457587,-0.8605915407081555,0.574098515673019,366.3361354380764,0.4138889722222262,-0.9661388372120352,4.480156345094732,4.52024793624878
4.143484380866659,0.0403266588312015,2.473888316710544,-0.677451410670657,2701.159577836439,0.618726722222216,0.2668315432197091,4.429442854643189,0.2461787723480174,0.1142525888251806,-0.8590560658711128,0.5760694969593924,366.8632072254301,0.4149999444444418,-0.9628307241163084,4.480015575670736,4.52024793624878
4.143483080812588,0.0402906514392115,2.4740087097583947,-0.6767036398059504,2700.3516081276566,0.6185342500000034,0.2669068653033251,4.42903592800205,0.2463386576286796,0.1141530419982058,-0.8593763614221803,0.5748728764441139,366.6612401029531,0.4138888333333307,-0.9656782534409962,4.478436665345412,4.52024793624878
4.143475112837992,0.0402869738671868,2.474051656334011,-0.6776257788482227,2700.078825765271,0.6184786666666655,0.2669377913622484,4.428803992014728,0.2464850300526362,0.1140642568238598,-0.8610758410479233,0.5737921176673811,366.18762797015165,0.4138890833333264,-0.9649602245747692,4.482298720454885,4.52024793624878
4.143455034098462,0.0403072885541802,2.4720267186279843,-0.6767246322502206,2700.6602501341117,0.6186109999999947,0.2667943562641961,4.429933936960568,0.2464866123019122,0.1140483568174998,-0.8633696920911986,0.5728906495544138,365.9879800978815,0.4133332777777751,-0.9643306990046752,4.48168250283983,4.52024793624878
4.14349031170013,0.0402802313998883,2.474916717551909,-0.677703581871467,2698.6615182157475,0.6181461944444325,0.2669903397987124,4.429171776181778,0.2462969912085882,0.1142218397706942,-0.8596773738859054,0.5742638952226273,367.2917861134789,0.4150003888889073,-0.9623663929666758,4.479627655998855,4.52024793624878
4.143433849034684,0.0402832230748832,2.472943383675802,-0.677428133632401,2696.980050111366,0.6177776666666613,0.2667590490720512,4.42936369940386,0.2456341743329788,0.1144035045423274,-0.8549501430165303,0.5796404549582629,367.3693220622159,0.4158331944444217,-0.9612568380203628,4.476402079750391,4.52024793624878
4.1435152076967965,0.0402838594846814,2.474265394634501,-0.677601402362212,2697.5550095735,0.6179008611111203,0.2670400120348393,4.428732398874388,0.2465703225697732,0.1145528642473603,-0.8779524060524673,0.5685737234996114,366.25836531908857,0.413332916666663,-0.9664357978791884,4.478020650779645,4.52024793624878
4.14361255842474,0.0403217528150092,2.474553172310209,-0.678728411447536,2703.014440443331,0.6191668055555459,0.2662722271391183,4.428067384919961,0.2460537711395913,0.1140827764643916,-0.8569175194731748,0.5763647243583567,366.7215027728986,0.4147222777777804,-0.9622884898996752,4.478394018799055,4.52024793624878
4.143410933205251,0.0402352245260029,2.4770646618989063,-0.6760132169679041,2697.057606934475,0.6177781111110946,0.266725667252582,4.430055772239584,0.2460789075133784,0.1141997335274319,-0.8597204680087809,0.5749942608547511,366.7585450400343,0.4147224166666921,-0.9624982529479292,4.478873577962959,4.52024793624878
4.143441620944591,0.0403244958171762,2.473460199827716,-0.6782348005357998,2697.058439386953,0.6177776111111032,0.2669582126619116,4.428696383771233,0.2463646838761339,0.1139521971894985,-0.8598765156835504,0.5735968659331742,366.2543646423679,0.4141666388889037,-0.9638815745311192,4.4823497915992805,4.52024793624878
4.143483168141226,0.0402874974745219,2.473693946129792,-0.6772212121133071,2697.059408148971,0.6177773888888705,0.266989954917114,4.429048682150134,0.2463530495322199,0.1141701601122099,-0.8627004505070279,0.5732526340080453,366.4745299196502,0.4136109999999947,-0.9663128202283306,4.481972729381302,4.52024793624878
4.143548313176857,0.0403054557034594,2.474798908636147,-0.6779580413762183,2697.0905533912164,0.617782194444444,0.2671553702191138,4.428976217845162,0.2469733895633269,0.1139248978198786,-0.8622606274460449,0.5716016115785191,365.5236638935164,0.4116665277777873,-0.9709269972596178,4.482759146999784,4.52024793624878
4.143797908036791,0.040246092735458,2.4806750190991425,-0.6812019886063339,2701.888378332952,0.6188887777777785,0.2664334520404551,4.426560705259264,0.2460670568707097,0.1137831531302127,-0.8619128252164252,0.574457209016095,366.02121622333607,0.4144444166666673,-0.9618366037750214,4.481344855913974,4.50067663192749
4.143730202097867,0.0402778544368842,2.477215030153948,-0.6802760049072725,2700.537587167692,0.6186111944444443,0.2665437562839662,4.426463509558907,0.2462353039071004,0.11403859539277,-0.8622133927814386,0.5735038058535576,366.6162825545192,0.4149996388888919,-0.9625101960293307,4.481436488342374,4.50067663192749
4.143722737376123,0.040251241730873,2.479794037278104,-0.680682673335147,2699.4236496893755,0.6183336111111082,0.2664150984540138,4.426711731877667,0.2455735067765875,0.114187552956077,-0.8565536348854557,0.5799241779256872,367.3886041293006,0.4169441388888905,-0.9577526034101828,4.477256297029609,4.50067663192749
4.143657696547268,0.0402415042589481,2.4783493904031464,-0.6806535684300196,2695.7446808648656,0.6174996944444461,0.2667795180898857,4.426992814938089,0.246543640354642,0.1146677664355105,-0.8789579617670844,0.5673455243075484,367.70692457102086,0.4158333888888915,-0.960674383299126,4.47981306598878,4.50067663192749
4.143687681153564,0.0402534223022009,2.4783792090081387,-0.6804033134070597,2698.211147071921,0.6180558333333304,0.2666814227004591,4.426974611523379,0.2462399147908724,0.1138771150272455,-0.8602434987711538,0.5744673602254154,364.5824921522004,0.4116668888888913,-0.9689584332141442,4.48116012175143,4.50067663192749
4.143651374366596,0.040196996103502,2.484428473467628,-0.680604830937507,2700.650335171176,0.6186109444444446,0.2664636988117231,4.4276913053151485,0.2459790340230632,0.113949301012234,-0.8595121502149867,0.5749944511137389,366.0351496625173,0.4144446111111109,-0.9643582549256536,4.479698665533156,4.50067663192749
4.143618206236669,0.0402743018332979,2.477866235946116,-0.6804643769983085,2698.1903819208574,0.6180553611111099,0.2668799050537733,4.427316283534604,0.2458001404378969,0.1138457114831974,-0.8592404965867879,0.5751780089311936,365.76339252069886,0.4147226111111134,-0.9619193577055593,4.478925033376935,4.50067663192749
4.143663946244357,0.0402184815258218,2.475850985984017,-0.6781415010036935,2695.7149798980804,0.6174765555555577,0.2671447434128088,4.427771522645441,0.2460920466868965,0.1139355568444893,-0.8597827074463948,0.5746754540054199,366.2493488003775,0.4141666111111085,-0.9628786799607412,4.4808417900368696,4.50067663192749
4.143655873758139,0.0402742046491159,2.477581045920274,-0.6796732195132004,2698.6184134978057,0.6181517777777723,0.2668884187305562,4.428191870571361,0.2463730950453598,0.1138777687261224,-0.8588160621639025,0.5743042116091664,365.37504409042464,0.4125000833333211,-0.966535358528054,4.478683556913535,4.50067663192749
4.143584649768664,0.0402377371518526,2.4775664015475547,-0.6794362637153161,2695.78739136241,0.6175002499999958,0.2669924068212219,4.427515397177602,0.2459910431852978,0.1139471031194798,-0.8586568140919923,0.5748136398357255,366.0909883026769,0.4144443611111071,-0.9629303623055738,4.480329552498506,4.50067663192749
4.143641589518343,0.0402530815938555,2.4779494742410924,-0.6793967740863549,2697.028622016687,0.6177776388888823,0.2670477362888023,4.427935372905974,0.2459598116952963,0.1137733998145934,-0.8575303515673132,0.5755935224830965,365.4525051751176,0.4136107777777781,-0.9626019084964426,4.481035477745704,4.50067663192749
4.1435858322809365,0.0402558586620042,2.478021591948385,-0.6800605694042444,2693.918251022068,0.6170733055555482,0.2674429576791521,4.428198055519877,0.2456044441127761,0.1140169844523805,-0.8572550358648034,0.5765696002483046,366.90151285523103,0.4166667500000039,-0.9559227938923364,4.478355147659682,4.50067663192749
4.143597290455866,0.0402507673435858,2.4769104740338626,-0.6794054781211439,2695.458826469104,0.6174242777777706,0.2672144730974569,4.427864507211672,0.2463483325537019,0.1139839458042876,-0.8543187316730072,0.573604100439563,368.6610691632876,0.4166663055555545,-0.9592070548006372,4.478394412548846,4.50067663192749
4.143597402070698,0.0402478915293443,2.4768405074584536,-0.6796252442375373,2694.5815195498567,0.6172226111111134,0.2669487240366254,4.428314723022175,0.2457141741718645,0.113917149452,-0.8538808508510711,0.5777301248562655,365.1422820636464,0.414166777777783,-0.9634096071860544,4.479058824016302,4.50067663192749
4.14365145935606,0.0402369148280942,2.4809255609531564,-0.6837989535086318,2703.055596241392,0.6191663888888919,0.2662978205389912,4.426698757511693,0.2460446611991301,0.1138933096091689,-0.8583424676275961,0.5750121197813882,365.5878192605565,0.4144442222222278,-0.9631062331609016,4.480401461140892,4.50067663192749
4.143558041454971,0.0402510933768859,2.472775990210809,-0.6772581682966141,2693.3533654736866,0.616944611111119,0.2671710361335194,4.42819989962103,0.2457142802799275,0.1140620016748965,-0.8564982014956297,0.5770906526542522,367.2078309961084,0.415555749999993,-0.9613682006786785,4.477470160765144,4.50067663192749
4.143494144631977,0.0402753578032242,2.475211100579804,-0.6789876775457676,2693.371380312231,0.6169441111110953,0.2670715483407382,4.428677974591303,0.2461780704482637,0.1138878612295919,-0.8591085159726282,0.5746245270737774,365.8750160454687,0.4127778888888618,-0.9680709561054738,4.4813940707264495,4.50067663192749
4.1435245881737295,0.0402592853770384,2.4748086808972576,-0.6794058339335635,2693.319183465078,0.6169441111110953,0.2671557946270841,4.428206880273189,0.2463066703990422,0.1141016366374935,-0.8606171267162499,0.5753908536636123,366.8095382416376,0.4147225277777761,-0.9624264396155277,4.479972570695273,4.50067663192749
4.143558636689797,0.0402476055913285,2.4772426477015688,-0.6799396283406589,2694.5177547124576,0.6172219722222265,0.2668362075066736,4.428161910316526,0.2460763165827399,0.1139113414915773,-0.8602254696172196,0.5748849373123753,366.86575740727824,0.4158337222222084,-0.9609415651126998,4.480180817299542,4.50067663192749
4.14354390788862,0.0402552959900501,2.4747607981518778,-0.6787541780046032,2692.016062317416,0.6166443055555768,0.267539317797862,4.428418941126536,0.2461275949753956,0.1139598031831497,-0.860270554720687,0.574838041833197,367.590275066275,0.4161107777777942,-0.9603031818576956,4.480268888313875,4.50067663192749
4.143537227230424,0.0402438969104828,2.4754159440969503,-0.6791785060640324,2691.708742983676,0.6165744166666668,0.2674868933874529,4.428335751493722,0.2460718969524026,0.1139763763548634,-0.8594430536366748,0.5752541386424392,367.3962730038651,0.4161109444444689,-0.9602213640359168,4.479404173070569,4.50067663192749
4.143559351744602,0.0402584328973115,2.4755994911279693,-0.6792715676714828,2692.130301654905,0.6166667499999878,0.267337041246161,4.427813239280157,0.2462804599318044,0.1141264085880201,-0.8590788995882424,0.5758601631325383,367.4518899194939,0.4150001944444698,-0.9603466961931894,4.480368424534845,4.50067663192749
4.143626388185846,0.0402517224179311,2.47899036237348,-0.6797117727035179,2692.3251579073194,0.6167025277777833,0.2673253978052089,4.428811711619374,0.2462214824990756,0.1139443256648561,-0.8628476285733693,0.5690801170832501,367.7614131861809,0.4149999722222047,-0.9598876621838586,4.47962391870179,4.50067663192749
4.143586053672058,0.0402547206652301,2.475714851066898,-0.6787966874580966,2689.7471572941304,0.6161108888889106,0.2674497600728688,4.428703673392695,0.2458914285732084,0.1139478582337583,-0.8539432220331733,0.5776923037343835,365.93220169150135,0.4136111388889064,-0.9648210507298198,4.479692266665729,4.50067663192749
4.143663209259403,0.0401762654293142,2.476346465501514,-0.6771190367384179,2700.642662553694,0.6186108888888895,0.2663311418374682,4.427170694380547,0.2464239565195583,0.1138315836994924,-0.8602110357259387,0.5738769186677731,366.3057967548693,0.4141668333333331,-0.9647941520621872,4.482275750249339,4.48689985275269
4.143619048734666,0.0402011839230824,2.476412607907724,-0.6778161517363068,2698.2161499263825,0.6180555000000014,0.2666229316260863,4.427966278381391,0.2462524433391035,0.114194241733721,-0.8596252031850131,0.5765712656869708,367.7679445642077,0.4163888055555556,-0.9597722525232356,4.479914544065757,4.48689985275269
4.143600683632514,0.0402321397601511,2.4732300519460906,-0.6772698180895771,2695.7581768367218,0.6175003888888871,0.2668101062856418,4.427608718759743,0.2459400527264077,0.113783915455516,-0.8532110452453439,0.5731819384668627,367.6891931614075,0.4155552777777767,-0.96074042586997,4.480396444522463,4.48689985275269
4.143609423386423,0.0402354712256922,2.4733422620646666,-0.6774326384775857,2694.543212756437,0.6172221944444432,0.2669635827612863,4.428206703302132,0.2458455550632595,0.1138727132151635,-0.8548715895145009,0.577748604508879,367.068424840104,0.4169444444444444,-0.956706197400001,4.479070309132885,4.48689985275269
4.143605299133191,0.0401940128488259,2.477539449147196,-0.6812798331613235,2695.776199612851,0.6174998055555544,0.2664559157022295,4.426875519833622,0.2461868388764186,0.1141672152588287,-0.85895219223677,0.5760531448027454,367.8599560624641,0.4161111388888902,-0.9595850456255683,4.47972685188662,4.48689985275269
4.1434956023974205,0.0402053764868464,2.471043222073884,-0.6744312063746792,2693.320055597836,0.6169444722222236,0.2668588441721744,4.428666245793386,0.2459393681773551,0.1139040442220182,-0.856189294812959,0.5769000289584455,367.64314118751406,0.4158328333333338,-0.9603346477583417,4.480173376200635,4.48689985275269
4.143502397863421,0.0402691799758508,2.4714330435362726,-0.6770035056871142,2693.0733222739877,0.6168883611111151,0.2674844890694821,4.428628185032147,0.2455365355444481,0.1137353525600969,-0.8573695828769905,0.5758222589095178,368.13303482455217,0.4169445277777736,-0.95867908234482,4.477632228579744,4.48689985275269
4.143517430164944,0.0402585277367068,2.470166496841692,-0.6769628231704,2690.901327604485,0.6163888888888889,0.2668232034594693,4.429364264076713,0.2457914421387226,0.1138906846485932,-0.8567964612562409,0.5775135809149492,368.0142250251134,0.4166666388888875,-0.9570480746293188,4.481982009562527,4.48689985275269
4.14359338856516,0.0402460412217521,2.474178228857734,-0.6785625439659553,2693.1937758708623,0.6169237500000033,0.2672334024285237,4.42851489926504,0.2461591820824322,0.1138916423749407,-0.8585962753997056,0.575947895244845,367.3733966685135,0.4152777777777778,-0.9599053381278762,4.480971385499563,4.48689985275269
4.143599738739934,0.0402441114725457,2.47467983339403,-0.6780850865532789,2692.954598071867,0.6168548333333456,0.267297271053923,4.428505361964846,0.2463559455666927,0.1142736680449554,-0.8557066922439849,0.5782055115365576,369.3985005853866,0.4180553333333228,-0.9563792914768456,4.480149731745737,4.48689985275269
4.143546084661428,0.0402362203882332,2.4724175117260065,-0.6779098333056395,2688.717980975358,0.6158817500000037,0.2677590824561584,4.429031649362158,0.2458890893165863,0.1142723825131533,-0.8562277686616424,0.5784785893603456,369.4817048472961,0.4186108055555572,-0.953010364872408,4.477942267172909,4.48689985275269
4.143584569223618,0.0402449362676059,2.475008076041475,-0.6789987204643143,2690.884139769857,0.6163889722222262,0.267330647548525,4.427734691843488,0.2456108377667849,0.1138343310415059,-0.8560111446417928,0.5770092570248282,368.0847214747148,0.4175000277777791,-0.9523603632304312,4.48137015262269,4.48689985275269
4.143571323269224,0.0402336540700562,2.473979082838341,-0.6783898558625708,2688.437023360012,0.6158335555555661,0.2674950962336961,4.428017585570196,0.2458602031637094,0.1139589405947882,-0.8497063984210138,0.5819376450906352,369.83044643768415,0.4188893055555592,-0.9543554845656906,4.477736857307299,4.48689985275269
4.143593502903844,0.0402557239805105,2.472864985451882,-0.677884463309993,2690.2258627222827,0.6162446944444512,0.2675185883006847,4.428505284335557,0.245833457930427,0.1139954111673405,-0.8571342728963391,0.5778036314645448,368.240573189531,0.4172218055555519,-0.9572143517023124,4.4780907445270905,4.48689985275269
4.143635837802149,0.0402767458021032,2.4733337473222297,-0.6785970705332508,2693.3172268817743,0.6169440277777741,0.2666673567665376,4.428605921070845,0.2456299377682617,0.1137442131730494,-0.8562581817159263,0.5772968525112396,367.27680142382735,0.4163890833333425,-0.9579733341956784,4.477815261660559,4.48689985275269
4.14351844272098,0.040178077798333,2.480487411059187,-0.6793267834422564,2690.91934280439,0.6163888055555677,0.2672084913457975,4.428509210559232,0.2461458878581696,0.1138964001324032,-0.8574291135192462,0.5766535222336502,368.53811100702353,0.4169447222222354,-0.9583080939599052,4.479582673921389,4.48689985275269
4.143474246425208,0.0402884212044648,2.467634251527121,-0.6765983469365363,2689.735148473978,0.6161111111111112,0.2674674643816659,4.429311942775269,0.2459564810704611,0.113821132098088,-0.8593738480862796,0.575440325145093,369.0986259158779,0.4177778611110989,-0.9543253543498956,4.47648347664324,4.48689985275269
4.143582299358408,0.0402585326863494,2.4739342094316896,-0.6781881325472761,2689.676205645651,0.6161111944444322,0.2675479186502266,4.428468668898305,0.2462761340944905,0.1141469460013507,-0.8600560643089543,0.5754857261536206,369.4680871455437,0.4166670277777787,-0.9566373402029382,4.4805460689510905,4.48689985275269
4.143566469978491,0.0402621031556217,2.472863848665786,-0.6782732056082729,2688.492392356854,0.615833583333329,0.2674687581218535,4.428529202272096,0.2458018820782502,0.1139626215357447,-0.8563673332823223,0.577971613082123,368.6044005174959,0.4169446111110867,-0.9586220300728164,4.477509698573828,4.48689985275269
4.143619244460751,0.0402566187229041,2.474344949707666,-0.6785162007920668,2688.762956020724,0.615897500000008,0.2676748136916803,4.428834546774464,0.2459734167938384,0.1141145786371251,-0.8553329166853341,0.5785765305574748,370.0535010330015,0.4183333888888915,-0.9560656002150444,4.480236941438758,4.48689985275269
4.143558289050841,0.040258273083962,2.4718368273885565,-0.6775300911925086,2687.2839331877994,0.6155558055555512,0.2675530486611551,4.429147389839646,0.2462224898703187,0.1138654522723941,-0.8592784984980475,0.5757736802215082,368.84371998421545,0.4166665833333455,-0.9553968194591576,4.481519047623705,4.48689985275269
4.143601410440589,0.0402542458197082,2.473668191140181,-0.6785534947582373,2686.0608429391746,0.6152777222222195,0.2675569487417844,4.429042232561191,0.2465861325860023,0.1141343520750274,-0.8573357908593144,0.5756299883785061,370.1811900518797,0.4180553611110857,-0.956149235083298,4.483180513855655,4.48689985275269
4.143599934526299,0.040254931071104,2.4735411088620958,-0.6786258584160318,2685.9023759535107,0.6152420555555728,0.2679491288946328,4.428667894617643,0.2459634569261591,0.1140596308189063,-0.8511443240068877,0.5820282733450689,370.6688004963777,0.4191667499999877,-0.9529580121014268,4.477393778386251,4.48689985275269
4.14358933472472,0.0402378807585736,2.4735991214186077,-0.6785723011403173,2684.8509838442515,0.6149999722222047,0.2677374859917252,4.42865306029968,0.2461983904679034,0.1143166999096171,-0.8642374494452958,0.5743900862229591,370.4916099758091,0.4186110555555529,-0.9552415825810836,4.4795089764090426,4.48689985275269
4.143622341241922,0.0400417584451053,2.489061023999594,-0.6796843917043284,2690.829756042141,0.6163888611111098,0.2670491060848028,4.42695554370477,0.2446001089380058,0.1137592022415428,-0.8494377613145168,0.5830691559734215,370.43928815713446,0.4222223055555554,-0.9443991845643548,4.473327429556601,4.47451591491699
4.143628926964493,0.0400536780860283,2.489206382588941,-0.6798594159787236,2690.376888233437,0.6162869166666698,0.2673540262283114,4.427292470429403,0.245453698086288,0.1139611001679224,-0.8483798042027981,0.5828927764737869,370.2452996432896,0.4197222222222222,-0.951489861401243,4.476708724476153,4.47451591491699
4.143574643005963,0.0400387552981747,2.489585338952756,-0.6803344449882472,2685.9857917369363,0.6152777777777778,0.2673197761346201,4.426579973769452,0.2458320337421228,0.1137459464965369,-0.8457423312289976,0.5819149402739395,370.2696476553773,0.4186112222222234,-0.9545815961564732,4.480097764646399,4.47451591491699
4.143588177614234,0.0400349909329295,2.490002429462649,-0.6806018710517457,2684.702157231538,0.6149895277777816,0.2678149166795868,4.427767888706813,0.2458459469399665,0.1143121568792259,-0.8567861546005009,0.5803894336747417,369.1242615587334,0.4174999722222209,-0.9539751691853462,4.477554822951835,4.47451591491699
4.143616788274279,0.0400438935967499,2.4909761434434974,-0.681094188521582,2684.5538684877797,0.6149511111111092,0.2677409247958359,4.427750709644859,0.2453009462087793,0.1140681359774275,-0.8477840406234138,0.583388263106548,369.9154121751202,0.4194444722222235,-0.951004071917749,4.473961622607722,4.47451591491699
4.143625136593987,0.0399688094124382,2.5007100013982115,-0.6872688184866415,2691.608093385453,0.6165730277777766,0.267076064747247,4.425195194756667,0.2451956365914322,0.1136228485220634,-0.8488440926349341,0.5825129571721536,368.8321249871868,0.418888583333335,-0.9521437545730786,4.476892526789985,4.47451591491699
4.143457302597659,0.040017413040325,2.4857763160399418,-0.6744721353343288,2686.288674849484,0.6153452222222161,0.2677035037772607,4.429479094997508,0.2453954824444318,0.1139698257503893,-0.8490644336391404,0.5830658387171799,370.79426600529325,0.4202781388888899,-0.949276370000021,4.47596841317894,4.47451591491699
4.143400347760484,0.0400912096169746,2.4841585951752334,-0.678205314707666,2683.5577976943127,0.6147221666666802,0.2677785854267313,4.428334242322322,0.2455893779334766,0.1141158856569517,-0.8491207287107541,0.5823302051516065,372.1801160983324,0.4225000277777791,-0.9440264313957076,4.47767598256184,4.47451591491699
4.143483651045271,0.0400918696114804,2.484174477475737,-0.6783729101976563,2682.325181301165,0.6144444444444445,0.2677839875867957,4.429162149587117,0.2455320996812863,0.1138144629719911,-0.8524296856823677,0.5804063691532143,370.7662146008324,0.4208332222222169,-0.9487464253630884,4.474680342521406,4.47451591491699
4.143539821222754,0.0400385316739457,2.489049483046556,-0.6816581242293356,2679.9193167159638,0.6138886944444352,0.2679984479842586,4.427137077602256,0.24526541897694,0.1138724886898764,-0.8501369622699473,0.5819617758603679,370.8528704686504,0.4202781111111108,-0.9497613573097304,4.474938520549012,4.47451591491699
4.1435889598744735,0.0400382155921252,2.4908542239686704,-0.6815666529929149,2682.120633233385,0.6143965833333399,0.2676542831390966,4.4291904413601495,0.245480738644456,0.1138050992965152,-0.8500797733541239,0.5810553239312506,371.2873515337452,0.421388583333335,-0.948536765567029,4.47761262071106,4.47451591491699
4.143516158583152,0.0400147996267588,2.4898181051617616,-0.6809268403017407,2679.910876730178,0.6138890000000052,0.2678849093583569,4.427867996585405,0.2461801558911562,0.1137690433983616,-0.854342803812846,0.5781187560483277,370.06606926641706,0.4186109444444527,-0.951852942892036,4.479213991490828,4.47451591491699
4.14352265322203,0.0400532169860769,2.4878574369423307,-0.6803456517904812,2682.328954317009,0.6144445000000026,0.2677024785513983,4.428374163070592,0.2456072057665183,0.1139443929717527,-0.8516082738785782,0.5813057186689714,371.9713318275824,0.4219440833333323,-0.946583749250964,4.476356790058876,4.47451591491699
4.143522458955996,0.0400346801163842,2.488852538392616,-0.6806897933440013,2681.1410561160565,0.6141666666666666,0.267904325612041,4.426936363443657,0.2458232306092187,0.1139349523038872,-0.8515422453760313,0.5800050459462751,371.5043447194266,0.4216668888888832,-0.9476631361772664,4.4790336590309465,4.47451591491699
4.143533078067772,0.0400474024368959,2.4883137305876906,-0.6803141345273418,2681.120740315927,0.6141664999999921,0.2675425972126581,4.428307480367094,0.245361252192277,0.1136774820562226,-0.8514259662359556,0.5805785987148504,370.6548955672648,0.4208333888888915,-0.9431689853813738,4.477483511482857,4.47451591491699
4.143544800458291,0.040054052085783,2.4890284141525405,-0.6808589452301864,2681.1111728268697,0.6141665833333132,0.2676310701812248,4.427292813595452,0.2458679185987546,0.1136266227198897,-0.8468234011628026,0.5819370095051178,372.07059069868615,0.4208335277778032,-0.9493046271650074,4.47804851813736,4.47451591491699
4.143516284963331,0.0400478301186521,2.488254625935241,-0.6804416739615075,2679.866450031323,0.6138889722222101,0.2678142373930546,4.428015649657626,0.2464049348478859,0.1144037989045422,-0.8614018014046283,0.5785378606947313,370.59379798411646,0.4183329999999842,-0.9538524893170812,4.482025654049705,4.47451591491699
4.143581796296036,0.0400706954601477,2.489710090430916,-0.6814513882878488,2680.635351410105,0.6140700000000006,0.2682679779670468,4.427824725202991,0.2455586373607977,0.1138535012857996,-0.8501917188182433,0.5815669803447416,370.466214385416,0.4199998611111207,-0.9515785876255188,4.477317714266669,4.47451591491699
4.143581166594467,0.0399976986721597,2.4951328785004487,-0.6864344336204488,2685.9196294804096,0.6152777777777778,0.2675034499329853,4.4257582788644605,0.2453172777958263,0.1139496962459705,-0.8478115604848422,0.5835585745424968,371.0312130570325,0.4205558888888724,-0.9499059259603592,4.473273638651194,4.47451591491699
4.143524952296805,0.0400098075209971,2.492014165498822,-0.680061092714018,2681.781811796296,0.6143219444444145,0.2679840874896227,4.428554311144263,0.2455172286814589,0.1140799929736671,-0.8459876743689487,0.5848179543545423,372.6638769521141,0.4233334444444497,-0.9433972717805086,4.475312990020806,4.47451591491699
4.143348576256592,0.0400950665668437,2.4789854078360656,-0.6769808009561716,2678.6837692711774,0.6136111944444322,0.2677909345787726,4.429603423515426,0.2453381365478629,0.1138059030475841,-0.8494557848758912,0.582334355229894,371.9924261457593,0.4222223611111015,-0.9463787945948078,4.474836220136774,4.47451591491699
4.143364689193345,0.0401025516689728,2.4811846028226947,-0.6784482250531384,2672.668730249548,0.6122222222222222,0.2686041020222022,4.429140012518958,0.2449560231567214,0.113922911149041,-0.8472252264543698,0.5838453779263152,372.4460460462919,0.4238889166666841,-0.9414132941507256,4.475535288267103,4.47451591491699
4.143520202040402,0.0400744295876925,2.486768953370213,-0.6815964419345308,2675.0894265616,0.612777916666657,0.2684235504807342,4.427960022288862,0.2457382806512729,0.1138197103877357,-0.8529307513044375,0.5799783449677067,371.8599946758285,0.4213890277777682,-0.9475210523800964,4.476776733466148,4.47451591491699
4.143560417539996,0.0400310175492995,2.4903142186789595,-0.6825400324402257,2674.7391694025064,0.6127014166666453,0.2686524066976608,4.428302176518009,0.2455584373897286,0.1140797803016657,-0.8486706097659615,0.5826535865178984,373.2138429775025,0.4227774444444609,-0.9457449656262872,4.47586958763282,4.47451591491699
